id,dungeon,realm,profile,party_size,trials,wins,draws,losses,win_rate,mean_rounds,max_rounds,energy_per_player,expected_exp_per_attempt,expected_stones_per_attempt,sustainable_attempts_per_hour,expected_exp_per_hour,expected_stones_per_hour
forest/entry/qingluan,forest,qiling,entry,1,100,100,0,0,1.0,4.43,5,20,47.5,60.0,0.6,28.5,36.0
forest/entry/xuanhu,forest,qiling,entry,1,100,100,0,0,1.0,4.24,5,20,47.5,60.0,0.6,28.5,36.0
forest/entry/baize,forest,qiling,entry,1,100,100,0,0,1.0,4.13,5,20,47.5,60.0,0.6,28.5,36.0
forest/entry/jiaolong,forest,qiling,entry,1,100,100,0,0,1.0,3.96,4,20,47.5,60.0,0.6,28.5,36.0
forest/entry/bifang,forest,qiling,entry,1,100,100,0,0,1.0,3.0,3,20,47.5,60.0,0.6,28.5,36.0
forest/entry/xuanwu,forest,qiling,entry,1,100,100,0,0,1.0,4.29,5,20,47.5,60.0,0.6,28.5,36.0
forest/entry/sanlinglu,forest,qiling,entry,1,100,100,0,0,1.0,4.38,5,20,47.5,60.0,0.6,28.5,36.0
forest/entry/chiyanhu,forest,qiling,entry,1,100,100,0,0,1.0,3.23,4,20,47.5,60.0,0.6,28.5,36.0
forest/entry/rongyanjia,forest,qiling,entry,1,100,100,0,0,1.0,3.32,4,20,47.5,60.0,0.6,28.5,36.0
forest/entry/lingxi,forest,qiling,entry,1,100,100,0,0,1.0,5.23,6,20,47.5,60.0,0.6,28.5,36.0
forest/entry/hanying,forest,qiling,entry,1,100,100,0,0,1.0,3.05,4,20,47.5,60.0,0.6,28.5,36.0
forest/entry/xuehu,forest,qiling,entry,1,100,100,0,0,1.0,5.0,5,20,47.5,60.0,0.6,28.5,36.0
forest/entry/bingcan,forest,qiling,entry,1,100,100,0,0,1.0,6.0,6,20,47.5,60.0,0.6,28.5,36.0
forest/entry/mohe,forest,qiling,entry,1,100,100,0,0,1.0,4.28,5,20,47.5,60.0,0.6,28.5,36.0
forest/entry/tengling,forest,qiling,entry,1,100,100,0,0,1.0,5.0,5,20,47.5,60.0,0.6,28.5,36.0
forest/entry/bizhu,forest,qiling,entry,1,100,100,0,0,1.0,4.24,5,20,47.5,60.0,0.6,28.5,36.0
forest/entry/jinyu,forest,qiling,entry,1,100,100,0,0,1.0,3.0,3,20,47.5,60.0,0.6,28.5,36.0
forest/entry/daotang,forest,qiling,entry,1,100,100,0,0,1.0,2.0,2,20,47.5,60.0,0.6,28.5,36.0
forest/entry/tielin,forest,qiling,entry,1,100,100,0,0,1.0,3.3,4,20,47.5,60.0,0.6,28.5,36.0
forest/entry/shanshi,forest,qiling,entry,1,100,100,0,0,1.0,4.09,5,20,47.5,60.0,0.6,28.5,36.0
forest/entry/shiou,forest,qiling,entry,1,100,100,0,0,1.0,8.57,9,20,47.5,60.0,0.6,28.5,36.0
forest/entry/fenghu,forest,qiling,entry,1,100,100,0,0,1.0,4.0,4,20,47.5,60.0,0.6,28.5,36.0
forest/entry/leize,forest,qiling,entry,1,100,100,0,0,1.0,3.12,4,20,47.5,60.0,0.6,28.5,36.0
forest/entry/leitingdiao,forest,qiling,entry,1,100,100,0,0,1.0,3.48,4,20,47.5,60.0,0.6,28.5,36.0
forest/entry/duman,forest,qiling,entry,1,100,100,0,0,1.0,4.0,4,20,47.5,60.0,0.6,28.5,36.0
forest/entry/molian,forest,qiling,entry,1,100,100,0,0,1.0,3.44,4,20,47.5,60.0,0.6,28.5,36.0
forest/entry/mingdie,forest,qiling,entry,1,100,100,0,0,1.0,4.0,4,20,47.5,60.0,0.6,28.5,36.0
forest/prepared/qingluan,forest,qiling,prepared,1,100,100,0,0,1.0,3.0,3,20,47.5,60.0,0.6,28.5,36.0
forest/prepared/xuanhu,forest,qiling,prepared,1,100,100,0,0,1.0,2.16,3,20,47.5,60.0,0.6,28.5,36.0
forest/prepared/baize,forest,qiling,prepared,1,100,100,0,0,1.0,2.3,3,20,47.5,60.0,0.6,28.5,36.0
forest/prepared/jiaolong,forest,qiling,prepared,1,100,100,0,0,1.0,2.0,2,20,47.5,60.0,0.6,28.5,36.0
forest/prepared/bifang,forest,qiling,prepared,1,100,100,0,0,1.0,1.12,3,20,47.5,60.0,0.6,28.5,36.0
forest/prepared/xuanwu,forest,qiling,prepared,1,100,100,0,0,1.0,2.0,2,20,47.5,60.0,0.6,28.5,36.0
forest/prepared/sanlinglu,forest,qiling,prepared,1,100,100,0,0,1.0,2.0,2,20,47.5,60.0,0.6,28.5,36.0
forest/prepared/chiyanhu,forest,qiling,prepared,1,100,100,0,0,1.0,3.0,3,20,47.5,60.0,0.6,28.5,36.0
forest/prepared/rongyanjia,forest,qiling,prepared,1,100,100,0,0,1.0,2.0,2,20,47.5,60.0,0.6,28.5,36.0
forest/prepared/lingxi,forest,qiling,prepared,1,100,100,0,0,1.0,2.8,3,20,47.5,60.0,0.6,28.5,36.0
forest/prepared/hanying,forest,qiling,prepared,1,100,100,0,0,1.0,1.0,1,20,47.5,60.0,0.6,28.5,36.0
forest/prepared/xuehu,forest,qiling,prepared,1,100,100,0,0,1.0,2.82,3,20,47.5,60.0,0.6,28.5,36.0
forest/prepared/bingcan,forest,qiling,prepared,1,100,100,0,0,1.0,3.0,3,20,47.5,60.0,0.6,28.5,36.0
forest/prepared/mohe,forest,qiling,prepared,1,100,100,0,0,1.0,2.0,2,20,47.5,60.0,0.6,28.5,36.0
forest/prepared/tengling,forest,qiling,prepared,1,100,100,0,0,1.0,3.16,5,20,47.5,60.0,0.6,28.5,36.0
forest/prepared/bizhu,forest,qiling,prepared,1,100,100,0,0,1.0,2.63,3,20,47.5,60.0,0.6,28.5,36.0
forest/prepared/jinyu,forest,qiling,prepared,1,100,100,0,0,1.0,2.0,2,20,47.5,60.0,0.6,28.5,36.0
forest/prepared/daotang,forest,qiling,prepared,1,100,100,0,0,1.0,1.0,1,20,47.5,60.0,0.6,28.5,36.0
forest/prepared/tielin,forest,qiling,prepared,1,100,100,0,0,1.0,2.0,2,20,47.5,60.0,0.6,28.5,36.0
forest/prepared/shanshi,forest,qiling,prepared,1,100,100,0,0,1.0,3.0,3,20,47.5,60.0,0.6,28.5,36.0
forest/prepared/shiou,forest,qiling,prepared,1,100,100,0,0,1.0,4.01,5,20,47.5,60.0,0.6,28.5,36.0
forest/prepared/fenghu,forest,qiling,prepared,1,100,100,0,0,1.0,2.0,2,20,47.5,60.0,0.6,28.5,36.0
forest/prepared/leize,forest,qiling,prepared,1,100,100,0,0,1.0,2.0,2,20,47.5,60.0,0.6,28.5,36.0
forest/prepared/leitingdiao,forest,qiling,prepared,1,100,100,0,0,1.0,2.0,2,20,47.5,60.0,0.6,28.5,36.0
forest/prepared/duman,forest,qiling,prepared,1,100,100,0,0,1.0,2.0,2,20,47.5,60.0,0.6,28.5,36.0
forest/prepared/molian,forest,qiling,prepared,1,100,100,0,0,1.0,2.52,3,20,47.5,60.0,0.6,28.5,36.0
forest/prepared/mingdie,forest,qiling,prepared,1,100,100,0,0,1.0,2.0,2,20,47.5,60.0,0.6,28.5,36.0
moon/entry/qingluan,moon,ningqi,entry,1,100,0,0,100,0.0,6.07,7,25,0.0,0.0,0.48,0.0,0.0
moon/entry/xuanhu,moon,ningqi,entry,1,100,0,0,100,0.0,4.0,4,25,0.0,0.0,0.48,0.0,0.0
moon/entry/baize,moon,ningqi,entry,1,100,0,0,100,0.0,11.24,12,25,0.0,0.0,0.48,0.0,0.0
moon/entry/jiaolong,moon,ningqi,entry,1,100,0,0,100,0.0,6.45,7,25,0.0,0.0,0.48,0.0,0.0
moon/entry/bifang,moon,ningqi,entry,1,100,0,0,100,0.0,4.0,4,25,0.0,0.0,0.48,0.0,0.0
moon/entry/xuanwu,moon,ningqi,entry,1,100,98,0,2,0.98,13.4,14,25,122.5,122.5,0.48,58.8,58.8
moon/entry/sanlinglu,moon,ningqi,entry,1,100,2,0,98,0.02,8.64,10,25,2.5,2.5,0.48,1.2,1.2
moon/entry/chiyanhu,moon,ningqi,entry,1,100,0,0,100,0.0,5.72,6,25,0.0,0.0,0.48,0.0,0.0
moon/entry/rongyanjia,moon,ningqi,entry,1,100,0,0,100,0.0,10.03,11,25,0.0,0.0,0.48,0.0,0.0
moon/entry/lingxi,moon,ningqi,entry,1,100,9,0,91,0.09,12.3,14,25,11.25,11.25,0.48,5.4,5.4
moon/entry/hanying,moon,ningqi,entry,1,100,0,0,100,0.0,5.0,5,25,0.0,0.0,0.48,0.0,0.0
moon/entry/xuehu,moon,ningqi,entry,1,100,1,0,99,0.01,6.9,12,25,1.25,1.25,0.48,0.6,0.6
moon/entry/bingcan,moon,ningqi,entry,1,100,12,0,88,0.12,16.25,18,25,15.0,15.0,0.48,7.2,7.2
moon/entry/mohe,moon,ningqi,entry,1,100,0,0,100,0.0,6.0,6,25,0.0,0.0,0.48,0.0,0.0
moon/entry/tengling,moon,ningqi,entry,1,100,5,0,95,0.05,12.09,13,25,6.25,6.25,0.48,3.0,3.0
moon/entry/bizhu,moon,ningqi,entry,1,100,0,0,100,0.0,5.0,5,25,0.0,0.0,0.48,0.0,0.0
moon/entry/jinyu,moon,ningqi,entry,1,100,0,0,100,0.0,5.02,6,25,0.0,0.0,0.48,0.0,0.0
moon/entry/daotang,moon,ningqi,entry,1,100,2,0,98,0.02,4.72,5,25,2.5,2.5,0.48,1.2,1.2
moon/entry/tielin,moon,ningqi,entry,1,100,100,0,0,1.0,11.36,12,25,125.0,125.0,0.48,60.0,60.0
moon/entry/shanshi,moon,ningqi,entry,1,100,100,0,0,1.0,5.06,6,25,125.0,125.0,0.48,60.0,60.0
moon/entry/shiou,moon,ningqi,entry,1,100,100,0,0,1.0,11.75,13,25,125.0,125.0,0.48,60.0,60.0
moon/entry/fenghu,moon,ningqi,entry,1,100,0,0,100,0.0,5.6,6,25,0.0,0.0,0.48,0.0,0.0
moon/entry/leize,moon,ningqi,entry,1,100,100,0,0,1.0,5.0,5,25,125.0,125.0,0.48,60.0,60.0
moon/entry/leitingdiao,moon,ningqi,entry,1,100,100,0,0,1.0,5.63,6,25,125.0,125.0,0.48,60.0,60.0
moon/entry/duman,moon,ningqi,entry,1,100,0,0,100,0.0,9.04,10,25,0.0,0.0,0.48,0.0,0.0
moon/entry/molian,moon,ningqi,entry,1,100,2,0,98,0.02,9.68,10,25,2.5,2.5,0.48,1.2,1.2
moon/entry/mingdie,moon,ningqi,entry,1,100,0,0,100,0.0,4.86,9,25,0.0,0.0,0.48,0.0,0.0
moon/prepared/qingluan,moon,ningqi,prepared,1,100,100,0,0,1.0,6.08,7,25,125.0,125.0,0.48,60.0,60.0
moon/prepared/xuanhu,moon,ningqi,prepared,1,100,100,0,0,1.0,7.02,9,25,125.0,125.0,0.48,60.0,60.0
moon/prepared/baize,moon,ningqi,prepared,1,100,100,0,0,1.0,6.0,6,25,125.0,125.0,0.48,60.0,60.0
moon/prepared/jiaolong,moon,ningqi,prepared,1,100,100,0,0,1.0,4.0,4,25,125.0,125.0,0.48,60.0,60.0
moon/prepared/bifang,moon,ningqi,prepared,1,100,100,0,0,1.0,4.0,4,25,125.0,125.0,0.48,60.0,60.0
moon/prepared/xuanwu,moon,ningqi,prepared,1,100,100,0,0,1.0,6.7,8,25,125.0,125.0,0.48,60.0,60.0
moon/prepared/sanlinglu,moon,ningqi,prepared,1,100,100,0,0,1.0,5.0,5,25,125.0,125.0,0.48,60.0,60.0
moon/prepared/chiyanhu,moon,ningqi,prepared,1,100,100,0,0,1.0,5.2,7,25,125.0,125.0,0.48,60.0,60.0
moon/prepared/rongyanjia,moon,ningqi,prepared,1,100,100,0,0,1.0,5.0,5,25,125.0,125.0,0.48,60.0,60.0
moon/prepared/lingxi,moon,ningqi,prepared,1,100,100,0,0,1.0,6.41,8,25,125.0,125.0,0.48,60.0,60.0
moon/prepared/hanying,moon,ningqi,prepared,1,100,100,0,0,1.0,3.06,5,25,125.0,125.0,0.48,60.0,60.0
moon/prepared/xuehu,moon,ningqi,prepared,1,100,100,0,0,1.0,6.71,7,25,125.0,125.0,0.48,60.0,60.0
moon/prepared/bingcan,moon,ningqi,prepared,1,100,100,0,0,1.0,5.93,6,25,125.0,125.0,0.48,60.0,60.0
moon/prepared/mohe,moon,ningqi,prepared,1,100,100,0,0,1.0,5.86,6,25,125.0,125.0,0.48,60.0,60.0
moon/prepared/tengling,moon,ningqi,prepared,1,100,100,0,0,1.0,7.58,9,25,125.0,125.0,0.48,60.0,60.0
moon/prepared/bizhu,moon,ningqi,prepared,1,100,100,0,0,1.0,5.0,5,25,125.0,125.0,0.48,60.0,60.0
moon/prepared/jinyu,moon,ningqi,prepared,1,100,100,0,0,1.0,4.0,4,25,125.0,125.0,0.48,60.0,60.0
moon/prepared/daotang,moon,ningqi,prepared,1,100,100,0,0,1.0,3.02,4,25,125.0,125.0,0.48,60.0,60.0
moon/prepared/tielin,moon,ningqi,prepared,1,100,100,0,0,1.0,6.04,7,25,125.0,125.0,0.48,60.0,60.0
moon/prepared/shanshi,moon,ningqi,prepared,1,100,100,0,0,1.0,3.26,5,25,125.0,125.0,0.48,60.0,60.0
moon/prepared/shiou,moon,ningqi,prepared,1,100,100,0,0,1.0,5.0,5,25,125.0,125.0,0.48,60.0,60.0
moon/prepared/fenghu,moon,ningqi,prepared,1,100,100,0,0,1.0,5.68,6,25,125.0,125.0,0.48,60.0,60.0
moon/prepared/leize,moon,ningqi,prepared,1,100,100,0,0,1.0,2.0,2,25,125.0,125.0,0.48,60.0,60.0
moon/prepared/leitingdiao,moon,ningqi,prepared,1,100,100,0,0,1.0,2.24,4,25,125.0,125.0,0.48,60.0,60.0
moon/prepared/duman,moon,ningqi,prepared,1,100,100,0,0,1.0,5.84,6,25,125.0,125.0,0.48,60.0,60.0
moon/prepared/molian,moon,ningqi,prepared,1,100,100,0,0,1.0,5.42,7,25,125.0,125.0,0.48,60.0,60.0
moon/prepared/mingdie,moon,ningqi,prepared,1,100,100,0,0,1.0,6.18,8,25,125.0,125.0,0.48,60.0,60.0
thunder/entry/qingluan,thunder,zhuji,entry,1,100,0,0,100,0.0,4.19,5,30,0.0,0.0,0.4,0.0,0.0
thunder/entry/xuanhu,thunder,zhuji,entry,1,100,0,0,100,0.0,3.65,4,30,0.0,0.0,0.4,0.0,0.0
thunder/entry/baize,thunder,zhuji,entry,1,100,0,0,100,0.0,7.08,8,30,0.0,0.0,0.4,0.0,0.0
thunder/entry/jiaolong,thunder,zhuji,entry,1,100,0,0,100,0.0,3.67,4,30,0.0,0.0,0.4,0.0,0.0
thunder/entry/bifang,thunder,zhuji,entry,1,100,0,0,100,0.0,3.98,4,30,0.0,0.0,0.4,0.0,0.0
thunder/entry/xuanwu,thunder,zhuji,entry,1,100,0,0,100,0.0,6.07,7,30,0.0,0.0,0.4,0.0,0.0
thunder/entry/sanlinglu,thunder,zhuji,entry,1,100,0,0,100,0.0,5.18,6,30,0.0,0.0,0.4,0.0,0.0
thunder/entry/chiyanhu,thunder,zhuji,entry,1,100,0,0,100,0.0,5.04,6,30,0.0,0.0,0.4,0.0,0.0
thunder/entry/rongyanjia,thunder,zhuji,entry,1,100,0,0,100,0.0,8.79,9,30,0.0,0.0,0.4,0.0,0.0
thunder/entry/lingxi,thunder,zhuji,entry,1,100,0,0,100,0.0,4.99,5,30,0.0,0.0,0.4,0.0,0.0
thunder/entry/hanying,thunder,zhuji,entry,1,100,0,0,100,0.0,3.0,3,30,0.0,0.0,0.4,0.0,0.0
thunder/entry/xuehu,thunder,zhuji,entry,1,100,0,0,100,0.0,3.69,11,30,0.0,0.0,0.4,0.0,0.0
thunder/entry/bingcan,thunder,zhuji,entry,1,100,0,0,100,0.0,6.97,8,30,0.0,0.0,0.4,0.0,0.0
thunder/entry/mohe,thunder,zhuji,entry,1,100,0,0,100,0.0,3.02,4,30,0.0,0.0,0.4,0.0,0.0
thunder/entry/tengling,thunder,zhuji,entry,1,100,0,0,100,0.0,6.94,7,30,0.0,0.0,0.4,0.0,0.0
thunder/entry/bizhu,thunder,zhuji,entry,1,100,0,0,100,0.0,3.97,4,30,0.0,0.0,0.4,0.0,0.0
thunder/entry/jinyu,thunder,zhuji,entry,1,100,0,0,100,0.0,3.83,4,30,0.0,0.0,0.4,0.0,0.0
thunder/entry/daotang,thunder,zhuji,entry,1,100,0,0,100,0.0,3.09,4,30,0.0,0.0,0.4,0.0,0.0
thunder/entry/tielin,thunder,zhuji,entry,1,100,0,0,100,0.0,10.51,12,30,0.0,0.0,0.4,0.0,0.0
thunder/entry/shanshi,thunder,zhuji,entry,1,100,0,0,100,0.0,6.19,7,30,0.0,0.0,0.4,0.0,0.0
thunder/entry/shiou,thunder,zhuji,entry,1,100,0,0,100,0.0,11.36,12,30,0.0,0.0,0.4,0.0,0.0
thunder/entry/fenghu,thunder,zhuji,entry,1,100,0,0,100,0.0,4.0,4,30,0.0,0.0,0.4,0.0,0.0
thunder/entry/leize,thunder,zhuji,entry,1,100,0,0,100,0.0,6.32,7,30,0.0,0.0,0.4,0.0,0.0
thunder/entry/leitingdiao,thunder,zhuji,entry,1,100,0,0,100,0.0,3.77,4,30,0.0,0.0,0.4,0.0,0.0
thunder/entry/duman,thunder,zhuji,entry,1,100,0,0,100,0.0,6.02,7,30,0.0,0.0,0.4,0.0,0.0
thunder/entry/molian,thunder,zhuji,entry,1,100,0,0,100,0.0,5.92,6,30,0.0,0.0,0.4,0.0,0.0
thunder/entry/mingdie,thunder,zhuji,entry,1,100,0,0,100,0.0,3.86,8,30,0.0,0.0,0.4,0.0,0.0
thunder/prepared/qingluan,thunder,zhuji,prepared,1,100,100,0,0,1.0,8.32,9,30,300.0,230.0,0.4,120.0,92.0
thunder/prepared/xuanhu,thunder,zhuji,prepared,1,100,100,0,0,1.0,7.1,9,30,300.0,230.0,0.4,120.0,92.0
thunder/prepared/baize,thunder,zhuji,prepared,1,100,100,0,0,1.0,9.26,10,30,300.0,230.0,0.4,120.0,92.0
thunder/prepared/jiaolong,thunder,zhuji,prepared,1,100,100,0,0,1.0,6.0,6,30,300.0,230.0,0.4,120.0,92.0
thunder/prepared/bifang,thunder,zhuji,prepared,1,100,100,0,0,1.0,4.0,4,30,300.0,230.0,0.4,120.0,92.0
thunder/prepared/xuanwu,thunder,zhuji,prepared,1,100,100,0,0,1.0,11.62,12,30,300.0,230.0,0.4,120.0,92.0
thunder/prepared/sanlinglu,thunder,zhuji,prepared,1,100,100,0,0,1.0,5.12,7,30,300.0,230.0,0.4,120.0,92.0
thunder/prepared/chiyanhu,thunder,zhuji,prepared,1,100,100,0,0,1.0,5.18,7,30,300.0,230.0,0.4,120.0,92.0
thunder/prepared/rongyanjia,thunder,zhuji,prepared,1,100,100,0,0,1.0,5.83,7,30,300.0,230.0,0.4,120.0,92.0
thunder/prepared/lingxi,thunder,zhuji,prepared,1,100,100,0,0,1.0,14.02,16,30,300.0,230.0,0.4,120.0,92.0
thunder/prepared/hanying,thunder,zhuji,prepared,1,100,100,0,0,1.0,7.08,9,30,300.0,230.0,0.4,120.0,92.0
thunder/prepared/xuehu,thunder,zhuji,prepared,1,100,100,0,0,1.0,11.42,13,30,300.0,230.0,0.4,120.0,92.0
thunder/prepared/bingcan,thunder,zhuji,prepared,1,100,100,0,0,1.0,13.44,14,30,300.0,230.0,0.4,120.0,92.0
thunder/prepared/mohe,thunder,zhuji,prepared,1,100,100,0,0,1.0,8.0,8,30,300.0,230.0,0.4,120.0,92.0
thunder/prepared/tengling,thunder,zhuji,prepared,1,100,100,0,0,1.0,10.54,11,30,300.0,230.0,0.4,120.0,92.0
thunder/prepared/bizhu,thunder,zhuji,prepared,1,100,100,0,0,1.0,6.87,7,30,300.0,230.0,0.4,120.0,92.0
thunder/prepared/jinyu,thunder,zhuji,prepared,1,100,100,0,0,1.0,6.0,6,30,300.0,230.0,0.4,120.0,92.0
thunder/prepared/daotang,thunder,zhuji,prepared,1,100,100,0,0,1.0,4.14,6,30,300.0,230.0,0.4,120.0,92.0
thunder/prepared/tielin,thunder,zhuji,prepared,1,100,100,0,0,1.0,8.48,10,30,300.0,230.0,0.4,120.0,92.0
thunder/prepared/shanshi,thunder,zhuji,prepared,1,100,100,0,0,1.0,6.62,7,30,300.0,230.0,0.4,120.0,92.0
thunder/prepared/shiou,thunder,zhuji,prepared,1,100,100,0,0,1.0,8.99,9,30,300.0,230.0,0.4,120.0,92.0
thunder/prepared/fenghu,thunder,zhuji,prepared,1,100,100,0,0,1.0,7.92,8,30,300.0,230.0,0.4,120.0,92.0
thunder/prepared/leize,thunder,zhuji,prepared,1,100,100,0,0,1.0,5.52,6,30,300.0,230.0,0.4,120.0,92.0
thunder/prepared/leitingdiao,thunder,zhuji,prepared,1,100,100,0,0,1.0,4.6,6,30,300.0,230.0,0.4,120.0,92.0
thunder/prepared/duman,thunder,zhuji,prepared,1,100,100,0,0,1.0,6.63,8,30,300.0,230.0,0.4,120.0,92.0
thunder/prepared/molian,thunder,zhuji,prepared,1,100,100,0,0,1.0,7.94,9,30,300.0,230.0,0.4,120.0,92.0
thunder/prepared/mingdie,thunder,zhuji,prepared,1,100,100,0,0,1.0,9.64,10,30,300.0,230.0,0.4,120.0,92.0
temple/entry/qingluan-xuanhu,temple,qiling,entry,2,100,100,0,0,1.0,10.35,11,30,85.0,110.0,0.4,34.0,44.0
temple/entry/xuanhu-baize,temple,qiling,entry,2,100,100,0,0,1.0,12.13,17,30,85.0,110.0,0.4,34.0,44.0
temple/entry/baize-jiaolong,temple,qiling,entry,2,100,100,0,0,1.0,11.95,18,30,85.0,110.0,0.4,34.0,44.0
temple/entry/jiaolong-qingluan,temple,qiling,entry,2,100,100,0,0,1.0,10.16,11,30,85.0,110.0,0.4,34.0,44.0
temple/entry/qingluan-xuanhu-baize,temple,qiling,entry,3,100,100,0,0,1.0,8.06,9,30,85.0,110.0,0.4,34.0,44.0
temple/entry/xuanhu-baize-jiaolong,temple,qiling,entry,3,100,100,0,0,1.0,7.04,8,30,85.0,110.0,0.4,34.0,44.0
temple/entry/baize-jiaolong-qingluan,temple,qiling,entry,3,100,100,0,0,1.0,8.03,9,30,85.0,110.0,0.4,34.0,44.0
temple/entry/jiaolong-qingluan-xuanhu,temple,qiling,entry,3,100,100,0,0,1.0,6.81,7,30,85.0,110.0,0.4,34.0,44.0
temple/entry/xuanhu-bifang,temple,qiling,entry,2,100,100,0,0,1.0,6.04,7,30,85.0,110.0,0.4,34.0,44.0
temple/entry/xuanwu-lingxi-jiaolong,temple,qiling,entry,3,100,100,0,0,1.0,8.93,9,30,85.0,110.0,0.4,34.0,44.0
temple/prepared/qingluan-xuanhu,temple,qiling,prepared,2,100,100,0,0,1.0,4.65,5,30,85.0,110.0,0.4,34.0,44.0
temple/prepared/xuanhu-baize,temple,qiling,prepared,2,100,100,0,0,1.0,4.92,6,30,85.0,110.0,0.4,34.0,44.0
temple/prepared/baize-jiaolong,temple,qiling,prepared,2,100,100,0,0,1.0,5.87,6,30,85.0,110.0,0.4,34.0,44.0
temple/prepared/jiaolong-qingluan,temple,qiling,prepared,2,100,100,0,0,1.0,5.02,6,30,85.0,110.0,0.4,34.0,44.0
temple/prepared/qingluan-xuanhu-baize,temple,qiling,prepared,3,100,100,0,0,1.0,3.0,3,30,85.0,110.0,0.4,34.0,44.0
temple/prepared/xuanhu-baize-jiaolong,temple,qiling,prepared,3,100,100,0,0,1.0,3.03,4,30,85.0,110.0,0.4,34.0,44.0
temple/prepared/baize-jiaolong-qingluan,temple,qiling,prepared,3,100,100,0,0,1.0,3.8,4,30,85.0,110.0,0.4,34.0,44.0
temple/prepared/jiaolong-qingluan-xuanhu,temple,qiling,prepared,3,100,100,0,0,1.0,2.92,3,30,85.0,110.0,0.4,34.0,44.0
temple/prepared/xuanhu-bifang,temple,qiling,prepared,2,100,100,0,0,1.0,3.0,3,30,85.0,110.0,0.4,34.0,44.0
temple/prepared/xuanwu-lingxi-jiaolong,temple,qiling,prepared,3,100,100,0,0,1.0,4.0,4,30,85.0,110.0,0.4,34.0,44.0
abyss/entry/qingluan-xuanhu,abyss,zhuji,entry,2,100,0,0,100,0.0,9.2,11,35,0.0,0.0,0.3429,0.0,0.0
abyss/entry/xuanhu-baize,abyss,zhuji,entry,2,100,0,0,100,0.0,10.75,12,35,0.0,0.0,0.3429,0.0,0.0
abyss/entry/baize-jiaolong,abyss,zhuji,entry,2,100,0,0,100,0.0,13.84,15,35,0.0,0.0,0.3429,0.0,0.0
abyss/entry/jiaolong-qingluan,abyss,zhuji,entry,2,100,0,0,100,0.0,12.44,14,35,0.0,0.0,0.3429,0.0,0.0
abyss/entry/qingluan-xuanhu-baize,abyss,zhuji,entry,3,100,0,0,100,0.0,15.86,18,35,0.0,0.0,0.3429,0.0,0.0
abyss/entry/xuanhu-baize-jiaolong,abyss,zhuji,entry,3,100,78,0,22,0.78,16.1,19,35,292.5,234.0,0.3429,100.286,80.229
abyss/entry/baize-jiaolong-qingluan,abyss,zhuji,entry,3,100,94,0,6,0.94,14.91,19,35,352.5,282.0,0.3429,120.857,96.686
abyss/entry/jiaolong-qingluan-xuanhu,abyss,zhuji,entry,3,100,100,0,0,1.0,12.42,15,35,375.0,300.0,0.3429,128.571,102.857
abyss/entry/xuanhu-bifang,abyss,zhuji,entry,2,100,0,0,100,0.0,8.43,10,35,0.0,0.0,0.3429,0.0,0.0
abyss/entry/xuanwu-lingxi-jiaolong,abyss,zhuji,entry,3,100,100,0,0,1.0,10.93,12,35,375.0,300.0,0.3429,128.571,102.857
abyss/prepared/qingluan-xuanhu,abyss,zhuji,prepared,2,100,100,0,0,1.0,6.51,7,35,375.0,300.0,0.3429,128.571,102.857
abyss/prepared/xuanhu-baize,abyss,zhuji,prepared,2,100,100,0,0,1.0,7.83,9,35,375.0,300.0,0.3429,128.571,102.857
abyss/prepared/baize-jiaolong,abyss,zhuji,prepared,2,100,100,0,0,1.0,6.79,8,35,375.0,300.0,0.3429,128.571,102.857
abyss/prepared/jiaolong-qingluan,abyss,zhuji,prepared,2,100,100,0,0,1.0,5.57,6,35,375.0,300.0,0.3429,128.571,102.857
abyss/prepared/qingluan-xuanhu-baize,abyss,zhuji,prepared,3,100,100,0,0,1.0,4.8,5,35,375.0,300.0,0.3429,128.571,102.857
abyss/prepared/xuanhu-baize-jiaolong,abyss,zhuji,prepared,3,100,100,0,0,1.0,4.0,5,35,375.0,300.0,0.3429,128.571,102.857
abyss/prepared/baize-jiaolong-qingluan,abyss,zhuji,prepared,3,100,100,0,0,1.0,4.07,5,35,375.0,300.0,0.3429,128.571,102.857
abyss/prepared/jiaolong-qingluan-xuanhu,abyss,zhuji,prepared,3,100,100,0,0,1.0,3.28,4,35,375.0,300.0,0.3429,128.571,102.857
abyss/prepared/xuanhu-bifang,abyss,zhuji,prepared,2,100,100,0,0,1.0,4.0,4,35,375.0,300.0,0.3429,128.571,102.857
abyss/prepared/xuanwu-lingxi-jiaolong,abyss,zhuji,prepared,3,100,100,0,0,1.0,3.89,4,35,375.0,300.0,0.3429,128.571,102.857
frost_cavern/entry/qingluan,frost_cavern,ningqi,entry,1,100,0,0,100,0.0,6.53,7,25,0.0,0.0,0.48,0.0,0.0
frost_cavern/entry/xuanhu,frost_cavern,ningqi,entry,1,100,0,0,100,0.0,4.0,4,25,0.0,0.0,0.48,0.0,0.0
frost_cavern/entry/baize,frost_cavern,ningqi,entry,1,100,0,0,100,0.0,11.91,13,25,0.0,0.0,0.48,0.0,0.0
frost_cavern/entry/jiaolong,frost_cavern,ningqi,entry,1,100,0,0,100,0.0,6.86,7,25,0.0,0.0,0.48,0.0,0.0
frost_cavern/entry/bifang,frost_cavern,ningqi,entry,1,100,0,0,100,0.0,4.01,5,25,0.0,0.0,0.48,0.0,0.0
frost_cavern/entry/xuanwu,frost_cavern,ningqi,entry,1,100,24,0,76,0.24,16.31,17,25,30.0,32.4,0.48,14.4,15.552
frost_cavern/entry/sanlinglu,frost_cavern,ningqi,entry,1,100,1,0,99,0.01,9.19,11,25,1.25,1.35,0.48,0.6,0.648
frost_cavern/entry/chiyanhu,frost_cavern,ningqi,entry,1,100,0,0,100,0.0,5.97,6,25,0.0,0.0,0.48,0.0,0.0
frost_cavern/entry/rongyanjia,frost_cavern,ningqi,entry,1,100,0,0,100,0.0,10.61,12,25,0.0,0.0,0.48,0.0,0.0
frost_cavern/entry/lingxi,frost_cavern,ningqi,entry,1,100,0,0,100,0.0,13.35,15,25,0.0,0.0,0.48,0.0,0.0
frost_cavern/entry/hanying,frost_cavern,ningqi,entry,1,100,0,0,100,0.0,5.0,5,25,0.0,0.0,0.48,0.0,0.0
frost_cavern/entry/xuehu,frost_cavern,ningqi,entry,1,100,0,0,100,0.0,7.2,11,25,0.0,0.0,0.48,0.0,0.0
frost_cavern/entry/bingcan,frost_cavern,ningqi,entry,1,100,0,0,100,0.0,17.5,19,25,0.0,0.0,0.48,0.0,0.0
frost_cavern/entry/mohe,frost_cavern,ningqi,entry,1,100,0,0,100,0.0,6.11,7,25,0.0,0.0,0.48,0.0,0.0
frost_cavern/entry/tengling,frost_cavern,ningqi,entry,1,100,0,0,100,0.0,12.76,14,25,0.0,0.0,0.48,0.0,0.0
frost_cavern/entry/bizhu,frost_cavern,ningqi,entry,1,100,0,0,100,0.0,5.14,6,25,0.0,0.0,0.48,0.0,0.0
frost_cavern/entry/jinyu,frost_cavern,ningqi,entry,1,100,0,0,100,0.0,5.15,6,25,0.0,0.0,0.48,0.0,0.0
frost_cavern/entry/daotang,frost_cavern,ningqi,entry,1,100,0,0,100,0.0,4.97,5,25,0.0,0.0,0.48,0.0,0.0
frost_cavern/entry/tielin,frost_cavern,ningqi,entry,1,100,100,0,0,1.0,13.81,15,25,125.0,135.0,0.48,60.0,64.8
frost_cavern/entry/shanshi,frost_cavern,ningqi,entry,1,100,100,0,0,1.0,5.6,6,25,125.0,135.0,0.48,60.0,64.8
frost_cavern/entry/shiou,frost_cavern,ningqi,entry,1,100,100,0,0,1.0,13.62,15,25,125.0,135.0,0.48,60.0,64.8
frost_cavern/entry/fenghu,frost_cavern,ningqi,entry,1,100,0,0,100,0.0,5.92,6,25,0.0,0.0,0.48,0.0,0.0
frost_cavern/entry/leize,frost_cavern,ningqi,entry,1,100,100,0,0,1.0,5.26,6,25,125.0,135.0,0.48,60.0,64.8
frost_cavern/entry/leitingdiao,frost_cavern,ningqi,entry,1,100,100,0,0,1.0,6.0,6,25,125.0,135.0,0.48,60.0,64.8
frost_cavern/entry/duman,frost_cavern,ningqi,entry,1,100,4,0,96,0.04,9.49,10,25,5.0,5.4,0.48,2.4,2.592
frost_cavern/entry/molian,frost_cavern,ningqi,entry,1,100,0,0,100,0.0,10.07,11,25,0.0,0.0,0.48,0.0,0.0
frost_cavern/entry/mingdie,frost_cavern,ningqi,entry,1,100,0,0,100,0.0,5.29,12,25,0.0,0.0,0.48,0.0,0.0
frost_cavern/prepared/qingluan,frost_cavern,ningqi,prepared,1,100,100,0,0,1.0,6.92,7,25,125.0,135.0,0.48,60.0,64.8
frost_cavern/prepared/xuanhu,frost_cavern,ningqi,prepared,1,100,100,0,0,1.0,7.76,9,25,125.0,135.0,0.48,60.0,64.8
frost_cavern/prepared/baize,frost_cavern,ningqi,prepared,1,100,100,0,0,1.0,6.2,7,25,125.0,135.0,0.48,60.0,64.8
frost_cavern/prepared/jiaolong,frost_cavern,ningqi,prepared,1,100,100,0,0,1.0,4.0,4,25,125.0,135.0,0.48,60.0,64.8
frost_cavern/prepared/bifang,frost_cavern,ningqi,prepared,1,100,100,0,0,1.0,4.0,4,25,125.0,135.0,0.48,60.0,64.8
frost_cavern/prepared/xuanwu,frost_cavern,ningqi,prepared,1,100,100,0,0,1.0,6.09,7,25,125.0,135.0,0.48,60.0,64.8
frost_cavern/prepared/sanlinglu,frost_cavern,ningqi,prepared,1,100,100,0,0,1.0,5.46,7,25,125.0,135.0,0.48,60.0,64.8
frost_cavern/prepared/chiyanhu,frost_cavern,ningqi,prepared,1,100,100,0,0,1.0,5.66,7,25,125.0,135.0,0.48,60.0,64.8
frost_cavern/prepared/rongyanjia,frost_cavern,ningqi,prepared,1,100,100,0,0,1.0,5.0,5,25,125.0,135.0,0.48,60.0,64.8
frost_cavern/prepared/lingxi,frost_cavern,ningqi,prepared,1,100,100,0,0,1.0,6.38,8,25,125.0,135.0,0.48,60.0,64.8
frost_cavern/prepared/hanying,frost_cavern,ningqi,prepared,1,100,100,0,0,1.0,3.44,5,25,125.0,135.0,0.48,60.0,64.8
frost_cavern/prepared/xuehu,frost_cavern,ningqi,prepared,1,100,100,0,0,1.0,6.77,7,25,125.0,135.0,0.48,60.0,64.8
frost_cavern/prepared/bingcan,frost_cavern,ningqi,prepared,1,100,100,0,0,1.0,6.03,7,25,125.0,135.0,0.48,60.0,64.8
frost_cavern/prepared/mohe,frost_cavern,ningqi,prepared,1,100,100,0,0,1.0,6.0,6,25,125.0,135.0,0.48,60.0,64.8
frost_cavern/prepared/tengling,frost_cavern,ningqi,prepared,1,100,100,0,0,1.0,8.74,9,25,125.0,135.0,0.48,60.0,64.8
frost_cavern/prepared/bizhu,frost_cavern,ningqi,prepared,1,100,100,0,0,1.0,5.0,5,25,125.0,135.0,0.48,60.0,64.8
frost_cavern/prepared/jinyu,frost_cavern,ningqi,prepared,1,100,100,0,0,1.0,4.58,6,25,125.0,135.0,0.48,60.0,64.8
frost_cavern/prepared/daotang,frost_cavern,ningqi,prepared,1,100,100,0,0,1.0,3.42,4,25,125.0,135.0,0.48,60.0,64.8
frost_cavern/prepared/tielin,frost_cavern,ningqi,prepared,1,100,100,0,0,1.0,6.98,8,25,125.0,135.0,0.48,60.0,64.8
frost_cavern/prepared/shanshi,frost_cavern,ningqi,prepared,1,100,100,0,0,1.0,4.14,5,25,125.0,135.0,0.48,60.0,64.8
frost_cavern/prepared/shiou,frost_cavern,ningqi,prepared,1,100,100,0,0,1.0,5.07,6,25,125.0,135.0,0.48,60.0,64.8
frost_cavern/prepared/fenghu,frost_cavern,ningqi,prepared,1,100,100,0,0,1.0,6.0,6,25,125.0,135.0,0.48,60.0,64.8
frost_cavern/prepared/leize,frost_cavern,ningqi,prepared,1,100,100,0,0,1.0,2.22,4,25,125.0,135.0,0.48,60.0,64.8
frost_cavern/prepared/leitingdiao,frost_cavern,ningqi,prepared,1,100,100,0,0,1.0,3.02,4,25,125.0,135.0,0.48,60.0,64.8
frost_cavern/prepared/duman,frost_cavern,ningqi,prepared,1,100,100,0,0,1.0,6.0,6,25,125.0,135.0,0.48,60.0,64.8
frost_cavern/prepared/molian,frost_cavern,ningqi,prepared,1,100,100,0,0,1.0,6.5,7,25,125.0,135.0,0.48,60.0,64.8
frost_cavern/prepared/mingdie,frost_cavern,ningqi,prepared,1,100,100,0,0,1.0,7.16,8,25,125.0,135.0,0.48,60.0,64.8
venom_mire/entry/qingluan,venom_mire,ningqi,entry,1,100,0,0,100,0.0,6.09,7,25,0.0,0.0,0.48,0.0,0.0
venom_mire/entry/xuanhu,venom_mire,ningqi,entry,1,100,0,0,100,0.0,4.98,5,25,0.0,0.0,0.48,0.0,0.0
venom_mire/entry/baize,venom_mire,ningqi,entry,1,100,0,0,100,0.0,10.98,12,25,0.0,0.0,0.48,0.0,0.0
venom_mire/entry/jiaolong,venom_mire,ningqi,entry,1,100,23,0,77,0.23,6.23,7,25,28.75,31.05,0.48,13.8,14.904
venom_mire/entry/bifang,venom_mire,ningqi,entry,1,100,93,0,7,0.93,5.0,5,25,116.25,125.55,0.48,55.8,60.264
venom_mire/entry/xuanwu,venom_mire,ningqi,entry,1,100,100,0,0,1.0,11.44,12,25,125.0,135.0,0.48,60.0,64.8
venom_mire/entry/sanlinglu,venom_mire,ningqi,entry,1,100,0,0,100,0.0,5.86,6,25,0.0,0.0,0.48,0.0,0.0
venom_mire/entry/chiyanhu,venom_mire,ningqi,entry,1,100,100,0,0,1.0,6.56,7,25,125.0,135.0,0.48,60.0,64.8
venom_mire/entry/rongyanjia,venom_mire,ningqi,entry,1,100,100,0,0,1.0,7.81,8,25,125.0,135.0,0.48,60.0,64.8
venom_mire/entry/lingxi,venom_mire,ningqi,entry,1,100,56,0,44,0.56,11.77,13,25,70.0,75.6,0.48,33.6,36.288
venom_mire/entry/hanying,venom_mire,ningqi,entry,1,100,0,0,100,0.0,4.92,5,25,0.0,0.0,0.48,0.0,0.0
venom_mire/entry/xuehu,venom_mire,ningqi,entry,1,100,2,0,98,0.02,6.94,11,25,2.5,2.7,0.48,1.2,1.296
venom_mire/entry/bingcan,venom_mire,ningqi,entry,1,100,66,0,34,0.66,14.75,16,25,82.5,89.1,0.48,39.6,42.768
venom_mire/entry/mohe,venom_mire,ningqi,entry,1,100,0,0,100,0.0,5.99,6,25,0.0,0.0,0.48,0.0,0.0
venom_mire/entry/tengling,venom_mire,ningqi,entry,1,100,0,0,100,0.0,7.48,8,25,0.0,0.0,0.48,0.0,0.0
venom_mire/entry/bizhu,venom_mire,ningqi,entry,1,100,0,0,100,0.0,4.0,4,25,0.0,0.0,0.48,0.0,0.0
venom_mire/entry/jinyu,venom_mire,ningqi,entry,1,100,0,0,100,0.0,5.0,5,25,0.0,0.0,0.48,0.0,0.0
venom_mire/entry/daotang,venom_mire,ningqi,entry,1,100,36,0,64,0.36,4.56,5,25,45.0,48.6,0.48,21.6,23.328
venom_mire/entry/tielin,venom_mire,ningqi,entry,1,100,100,0,0,1.0,10.01,11,25,125.0,135.0,0.48,60.0,64.8
venom_mire/entry/shanshi,venom_mire,ningqi,entry,1,100,100,0,0,1.0,6.54,7,25,125.0,135.0,0.48,60.0,64.8
venom_mire/entry/shiou,venom_mire,ningqi,entry,1,100,100,0,0,1.0,16.33,18,25,125.0,135.0,0.48,60.0,64.8
venom_mire/entry/fenghu,venom_mire,ningqi,entry,1,100,0,0,100,0.0,5.36,6,25,0.0,0.0,0.48,0.0,0.0
venom_mire/entry/leize,venom_mire,ningqi,entry,1,100,100,0,0,1.0,6.17,7,25,125.0,135.0,0.48,60.0,64.8
venom_mire/entry/leitingdiao,venom_mire,ningqi,entry,1,100,0,0,100,0.0,4.99,5,25,0.0,0.0,0.48,0.0,0.0
venom_mire/entry/duman,venom_mire,ningqi,entry,1,100,2,0,98,0.02,8.88,9,25,2.5,2.7,0.48,1.2,1.296
venom_mire/entry/molian,venom_mire,ningqi,entry,1,100,40,0,60,0.4,9.17,10,25,50.0,54.0,0.48,24.0,25.92
venom_mire/entry/mingdie,venom_mire,ningqi,entry,1,100,0,0,100,0.0,5.03,9,25,0.0,0.0,0.48,0.0,0.0
venom_mire/prepared/qingluan,venom_mire,ningqi,prepared,1,100,100,0,0,1.0,5.14,7,25,125.0,135.0,0.48,60.0,64.8
venom_mire/prepared/xuanhu,venom_mire,ningqi,prepared,1,100,100,0,0,1.0,5.0,5,25,125.0,135.0,0.48,60.0,64.8
venom_mire/prepared/baize,venom_mire,ningqi,prepared,1,100,100,0,0,1.0,5.83,6,25,125.0,135.0,0.48,60.0,64.8
venom_mire/prepared/jiaolong,venom_mire,ningqi,prepared,1,100,100,0,0,1.0,4.0,4,25,125.0,135.0,0.48,60.0,64.8
venom_mire/prepared/bifang,venom_mire,ningqi,prepared,1,100,100,0,0,1.0,2.0,2,25,125.0,135.0,0.48,60.0,64.8
venom_mire/prepared/xuanwu,venom_mire,ningqi,prepared,1,100,100,0,0,1.0,6.01,7,25,125.0,135.0,0.48,60.0,64.8
venom_mire/prepared/sanlinglu,venom_mire,ningqi,prepared,1,100,100,0,0,1.0,3.76,5,25,125.0,135.0,0.48,60.0,64.8
venom_mire/prepared/chiyanhu,venom_mire,ningqi,prepared,1,100,100,0,0,1.0,4.96,5,25,125.0,135.0,0.48,60.0,64.8
venom_mire/prepared/rongyanjia,venom_mire,ningqi,prepared,1,100,100,0,0,1.0,3.76,5,25,125.0,135.0,0.48,60.0,64.8
venom_mire/prepared/lingxi,venom_mire,ningqi,prepared,1,100,100,0,0,1.0,6.35,8,25,125.0,135.0,0.48,60.0,64.8
venom_mire/prepared/hanying,venom_mire,ningqi,prepared,1,100,100,0,0,1.0,3.0,3,25,125.0,135.0,0.48,60.0,64.8
venom_mire/prepared/xuehu,venom_mire,ningqi,prepared,1,100,100,0,0,1.0,6.22,7,25,125.0,135.0,0.48,60.0,64.8
venom_mire/prepared/bingcan,venom_mire,ningqi,prepared,1,100,100,0,0,1.0,5.46,6,25,125.0,135.0,0.48,60.0,64.8
venom_mire/prepared/mohe,venom_mire,ningqi,prepared,1,100,100,0,0,1.0,5.38,6,25,125.0,135.0,0.48,60.0,64.8
venom_mire/prepared/tengling,venom_mire,ningqi,prepared,1,100,100,0,0,1.0,9.78,11,25,125.0,135.0,0.48,60.0,64.8
venom_mire/prepared/bizhu,venom_mire,ningqi,prepared,1,100,100,0,0,1.0,5.0,5,25,125.0,135.0,0.48,60.0,64.8
venom_mire/prepared/jinyu,venom_mire,ningqi,prepared,1,100,100,0,0,1.0,4.0,4,25,125.0,135.0,0.48,60.0,64.8
venom_mire/prepared/daotang,venom_mire,ningqi,prepared,1,100,100,0,0,1.0,2.2,4,25,125.0,135.0,0.48,60.0,64.8
venom_mire/prepared/tielin,venom_mire,ningqi,prepared,1,100,100,0,0,1.0,6.0,6,25,125.0,135.0,0.48,60.0,64.8
venom_mire/prepared/shanshi,venom_mire,ningqi,prepared,1,100,100,0,0,1.0,5.0,5,25,125.0,135.0,0.48,60.0,64.8
venom_mire/prepared/shiou,venom_mire,ningqi,prepared,1,100,100,0,0,1.0,6.25,7,25,125.0,135.0,0.48,60.0,64.8
venom_mire/prepared/fenghu,venom_mire,ningqi,prepared,1,100,100,0,0,1.0,4.76,6,25,125.0,135.0,0.48,60.0,64.8
venom_mire/prepared/leize,venom_mire,ningqi,prepared,1,100,100,0,0,1.0,3.98,4,25,125.0,135.0,0.48,60.0,64.8
venom_mire/prepared/leitingdiao,venom_mire,ningqi,prepared,1,100,100,0,0,1.0,4.0,4,25,125.0,135.0,0.48,60.0,64.8
venom_mire/prepared/duman,venom_mire,ningqi,prepared,1,100,100,0,0,1.0,5.14,6,25,125.0,135.0,0.48,60.0,64.8
venom_mire/prepared/molian,venom_mire,ningqi,prepared,1,100,100,0,0,1.0,5.02,7,25,125.0,135.0,0.48,60.0,64.8
venom_mire/prepared/mingdie,venom_mire,ningqi,prepared,1,100,100,0,0,1.0,5.95,6,25,125.0,135.0,0.48,60.0,64.8
tide_palace/entry/qingluan-xuanhu,tide_palace,ningqi,entry,2,100,0,0,100,0.0,8.26,10,30,0.0,0.0,0.4,0.0,0.0
tide_palace/entry/xuanhu-baize,tide_palace,ningqi,entry,2,100,0,0,100,0.0,12.29,14,30,0.0,0.0,0.4,0.0,0.0
tide_palace/entry/baize-jiaolong,tide_palace,ningqi,entry,2,100,0,0,100,0.0,14.7,16,30,0.0,0.0,0.4,0.0,0.0
tide_palace/entry/jiaolong-qingluan,tide_palace,ningqi,entry,2,100,0,0,100,0.0,10.89,12,30,0.0,0.0,0.4,0.0,0.0
tide_palace/entry/qingluan-xuanhu-baize,tide_palace,ningqi,entry,3,100,0,0,100,0.0,17.57,19,30,0.0,0.0,0.4,0.0,0.0
tide_palace/entry/xuanhu-baize-jiaolong,tide_palace,ningqi,entry,3,100,52,0,48,0.52,16.51,19,30,101.4,93.6,0.4,40.56,37.44
tide_palace/entry/baize-jiaolong-qingluan,tide_palace,ningqi,entry,3,100,98,0,2,0.98,12.8,20,30,191.1,176.4,0.4,76.44,70.56
tide_palace/entry/jiaolong-qingluan-xuanhu,tide_palace,ningqi,entry,3,100,46,0,54,0.46,13.34,15,30,89.7,82.8,0.4,35.88,33.12
tide_palace/entry/xuanhu-bifang,tide_palace,ningqi,entry,2,100,0,0,100,0.0,6.58,8,30,0.0,0.0,0.4,0.0,0.0
tide_palace/entry/xuanwu-lingxi-jiaolong,tide_palace,ningqi,entry,3,100,100,0,0,1.0,14.04,22,30,195.0,180.0,0.4,78.0,72.0
tide_palace/prepared/qingluan-xuanhu,tide_palace,ningqi,prepared,2,100,100,0,0,1.0,9.17,11,30,195.0,180.0,0.4,78.0,72.0
tide_palace/prepared/xuanhu-baize,tide_palace,ningqi,prepared,2,100,100,0,0,1.0,10.42,11,30,195.0,180.0,0.4,78.0,72.0
tide_palace/prepared/baize-jiaolong,tide_palace,ningqi,prepared,2,100,100,0,0,1.0,6.65,8,30,195.0,180.0,0.4,78.0,72.0
tide_palace/prepared/jiaolong-qingluan,tide_palace,ningqi,prepared,2,100,100,0,0,1.0,6.16,7,30,195.0,180.0,0.4,78.0,72.0
tide_palace/prepared/qingluan-xuanhu-baize,tide_palace,ningqi,prepared,3,100,100,0,0,1.0,5.79,7,30,195.0,180.0,0.4,78.0,72.0
tide_palace/prepared/xuanhu-baize-jiaolong,tide_palace,ningqi,prepared,3,100,100,0,0,1.0,4.89,6,30,195.0,180.0,0.4,78.0,72.0
tide_palace/prepared/baize-jiaolong-qingluan,tide_palace,ningqi,prepared,3,100,100,0,0,1.0,4.42,5,30,195.0,180.0,0.4,78.0,72.0
tide_palace/prepared/jiaolong-qingluan-xuanhu,tide_palace,ningqi,prepared,3,100,100,0,0,1.0,4.41,5,30,195.0,180.0,0.4,78.0,72.0
tide_palace/prepared/xuanhu-bifang,tide_palace,ningqi,prepared,2,100,100,0,0,1.0,6.83,8,30,195.0,180.0,0.4,78.0,72.0
tide_palace/prepared/xuanwu-lingxi-jiaolong,tide_palace,ningqi,prepared,3,100,100,0,0,1.0,5.07,6,30,195.0,180.0,0.4,78.0,72.0
ember_peak/entry/qingluan,ember_peak,jindan,entry,1,100,0,0,100,0.0,4.99,5,35,0.0,0.0,0.3429,0.0,0.0
ember_peak/entry/xuanhu,ember_peak,jindan,entry,1,100,0,0,100,0.0,3.98,4,35,0.0,0.0,0.3429,0.0,0.0
ember_peak/entry/baize,ember_peak,jindan,entry,1,100,0,0,100,0.0,6.0,6,35,0.0,0.0,0.3429,0.0,0.0
ember_peak/entry/jiaolong,ember_peak,jindan,entry,1,100,0,0,100,0.0,6.26,7,35,0.0,0.0,0.3429,0.0,0.0
ember_peak/entry/bifang,ember_peak,jindan,entry,1,100,0,0,100,0.0,4.0,4,35,0.0,0.0,0.3429,0.0,0.0
ember_peak/entry/xuanwu,ember_peak,jindan,entry,1,100,0,0,100,0.0,15.26,17,35,0.0,0.0,0.3429,0.0,0.0
ember_peak/entry/sanlinglu,ember_peak,jindan,entry,1,100,0,0,100,0.0,6.0,6,35,0.0,0.0,0.3429,0.0,0.0
ember_peak/entry/chiyanhu,ember_peak,jindan,entry,1,100,0,0,100,0.0,5.99,6,35,0.0,0.0,0.3429,0.0,0.0
ember_peak/entry/rongyanjia,ember_peak,jindan,entry,1,100,0,0,100,0.0,9.87,11,35,0.0,0.0,0.3429,0.0,0.0
ember_peak/entry/lingxi,ember_peak,jindan,entry,1,100,0,0,100,0.0,12.76,15,35,0.0,0.0,0.3429,0.0,0.0
ember_peak/entry/hanying,ember_peak,jindan,entry,1,100,0,0,100,0.0,5.03,6,35,0.0,0.0,0.3429,0.0,0.0
ember_peak/entry/xuehu,ember_peak,jindan,entry,1,100,0,0,100,0.0,6.95,10,35,0.0,0.0,0.3429,0.0,0.0
ember_peak/entry/bingcan,ember_peak,jindan,entry,1,100,0,0,100,0.0,16.3,18,35,0.0,0.0,0.3429,0.0,0.0
ember_peak/entry/mohe,ember_peak,jindan,entry,1,100,0,0,100,0.0,6.01,7,35,0.0,0.0,0.3429,0.0,0.0
ember_peak/entry/tengling,ember_peak,jindan,entry,1,100,0,0,100,0.0,7.91,9,35,0.0,0.0,0.3429,0.0,0.0
ember_peak/entry/bizhu,ember_peak,jindan,entry,1,100,0,0,100,0.0,4.0,4,35,0.0,0.0,0.3429,0.0,0.0
ember_peak/entry/jinyu,ember_peak,jindan,entry,1,100,0,0,100,0.0,3.0,3,35,0.0,0.0,0.3429,0.0,0.0
ember_peak/entry/daotang,ember_peak,jindan,entry,1,100,0,0,100,0.0,3.0,3,35,0.0,0.0,0.3429,0.0,0.0
ember_peak/entry/tielin,ember_peak,jindan,entry,1,100,0,0,100,0.0,7.76,9,35,0.0,0.0,0.3429,0.0,0.0
ember_peak/entry/shanshi,ember_peak,jindan,entry,1,100,0,0,100,0.0,7.04,8,35,0.0,0.0,0.3429,0.0,0.0
ember_peak/entry/shiou,ember_peak,jindan,entry,1,100,0,0,100,0.0,12.79,15,35,0.0,0.0,0.3429,0.0,0.0
ember_peak/entry/fenghu,ember_peak,jindan,entry,1,100,0,0,100,0.0,4.13,5,35,0.0,0.0,0.3429,0.0,0.0
ember_peak/entry/leize,ember_peak,jindan,entry,1,100,0,0,100,0.0,7.1,8,35,0.0,0.0,0.3429,0.0,0.0
ember_peak/entry/leitingdiao,ember_peak,jindan,entry,1,100,0,0,100,0.0,3.99,4,35,0.0,0.0,0.3429,0.0,0.0
ember_peak/entry/duman,ember_peak,jindan,entry,1,100,0,0,100,0.0,6.48,7,35,0.0,0.0,0.3429,0.0,0.0
ember_peak/entry/molian,ember_peak,jindan,entry,1,100,0,0,100,0.0,6.29,7,35,0.0,0.0,0.3429,0.0,0.0
ember_peak/entry/mingdie,ember_peak,jindan,entry,1,100,0,0,100,0.0,3.92,8,35,0.0,0.0,0.3429,0.0,0.0
ember_peak/prepared/qingluan,ember_peak,jindan,prepared,1,100,100,0,0,1.0,9.2,11,35,500.0,340.0,0.3429,171.429,116.571
ember_peak/prepared/xuanhu,ember_peak,jindan,prepared,1,100,100,0,0,1.0,9.0,9,35,500.0,340.0,0.3429,171.429,116.571
ember_peak/prepared/baize,ember_peak,jindan,prepared,1,100,100,0,0,1.0,17.02,18,35,500.0,340.0,0.3429,171.429,116.571
ember_peak/prepared/jiaolong,ember_peak,jindan,prepared,1,100,100,0,0,1.0,6.18,8,35,500.0,340.0,0.3429,171.429,116.571
ember_peak/prepared/bifang,ember_peak,jindan,prepared,1,100,100,0,0,1.0,4.0,4,35,500.0,340.0,0.3429,171.429,116.571
ember_peak/prepared/xuanwu,ember_peak,jindan,prepared,1,100,100,0,0,1.0,8.54,10,35,500.0,340.0,0.3429,171.429,116.571
ember_peak/prepared/sanlinglu,ember_peak,jindan,prepared,1,100,100,0,0,1.0,6.9,7,35,500.0,340.0,0.3429,171.429,116.571
ember_peak/prepared/chiyanhu,ember_peak,jindan,prepared,1,100,100,0,0,1.0,7.0,7,35,500.0,340.0,0.3429,171.429,116.571
ember_peak/prepared/rongyanjia,ember_peak,jindan,prepared,1,100,100,0,0,1.0,7.0,7,35,500.0,340.0,0.3429,171.429,116.571
ember_peak/prepared/lingxi,ember_peak,jindan,prepared,1,100,100,0,0,1.0,6.13,8,35,500.0,340.0,0.3429,171.429,116.571
ember_peak/prepared/hanying,ember_peak,jindan,prepared,1,100,100,0,0,1.0,5.0,5,35,500.0,340.0,0.3429,171.429,116.571
ember_peak/prepared/xuehu,ember_peak,jindan,prepared,1,100,100,0,0,1.0,7.35,9,35,500.0,340.0,0.3429,171.429,116.571
ember_peak/prepared/bingcan,ember_peak,jindan,prepared,1,100,100,0,0,1.0,6.8,7,35,500.0,340.0,0.3429,171.429,116.571
ember_peak/prepared/mohe,ember_peak,jindan,prepared,1,100,100,0,0,1.0,8.78,10,35,500.0,340.0,0.3429,171.429,116.571
ember_peak/prepared/tengling,ember_peak,jindan,prepared,1,100,100,0,0,1.0,11.92,13,35,500.0,340.0,0.3429,171.429,116.571
ember_peak/prepared/bizhu,ember_peak,jindan,prepared,1,100,100,0,0,1.0,7.02,8,35,500.0,340.0,0.3429,171.429,116.571
ember_peak/prepared/jinyu,ember_peak,jindan,prepared,1,100,100,0,0,1.0,8.0,8,35,500.0,340.0,0.3429,171.429,116.571
ember_peak/prepared/daotang,ember_peak,jindan,prepared,1,100,100,0,0,1.0,8.0,8,35,500.0,340.0,0.3429,171.429,116.571
ember_peak/prepared/tielin,ember_peak,jindan,prepared,1,100,100,0,0,1.0,12.0,12,35,500.0,340.0,0.3429,171.429,116.571
ember_peak/prepared/shanshi,ember_peak,jindan,prepared,1,100,100,0,0,1.0,7.02,9,35,500.0,340.0,0.3429,171.429,116.571
ember_peak/prepared/shiou,ember_peak,jindan,prepared,1,100,100,0,0,1.0,10.19,11,35,500.0,340.0,0.3429,171.429,116.571
ember_peak/prepared/fenghu,ember_peak,jindan,prepared,1,100,100,0,0,1.0,9.62,10,35,500.0,340.0,0.3429,171.429,116.571
ember_peak/prepared/leize,ember_peak,jindan,prepared,1,100,100,0,0,1.0,6.0,6,35,500.0,340.0,0.3429,171.429,116.571
ember_peak/prepared/leitingdiao,ember_peak,jindan,prepared,1,100,100,0,0,1.0,6.0,6,35,500.0,340.0,0.3429,171.429,116.571
ember_peak/prepared/duman,ember_peak,jindan,prepared,1,100,100,0,0,1.0,8.0,8,35,500.0,340.0,0.3429,171.429,116.571
ember_peak/prepared/molian,ember_peak,jindan,prepared,1,100,100,0,0,1.0,9.04,11,35,500.0,340.0,0.3429,171.429,116.571
ember_peak/prepared/mingdie,ember_peak,jindan,prepared,1,100,100,0,0,1.0,11.1,12,35,500.0,340.0,0.3429,171.429,116.571
jade_vault/entry/qingluan-xuanhu,jade_vault,jindan,entry,2,100,0,0,100,0.0,10.98,11,40,0.0,0.0,0.3,0.0,0.0
jade_vault/entry/xuanhu-baize,jade_vault,jindan,entry,2,100,0,0,100,0.0,12.9,14,40,0.0,0.0,0.3,0.0,0.0
jade_vault/entry/baize-jiaolong,jade_vault,jindan,entry,2,100,0,0,100,0.0,12.92,14,40,0.0,0.0,0.3,0.0,0.0
jade_vault/entry/jiaolong-qingluan,jade_vault,jindan,entry,2,100,0,0,100,0.0,10.97,12,40,0.0,0.0,0.3,0.0,0.0
jade_vault/entry/qingluan-xuanhu-baize,jade_vault,jindan,entry,3,100,0,0,100,0.0,19.89,21,40,0.0,0.0,0.3,0.0,0.0
jade_vault/entry/xuanhu-baize-jiaolong,jade_vault,jindan,entry,3,100,0,0,100,0.0,16.91,18,40,0.0,0.0,0.3,0.0,0.0
jade_vault/entry/baize-jiaolong-qingluan,jade_vault,jindan,entry,3,100,0,0,100,0.0,19.89,21,40,0.0,0.0,0.3,0.0,0.0
jade_vault/entry/jiaolong-qingluan-xuanhu,jade_vault,jindan,entry,3,100,0,0,100,0.0,15.01,17,40,0.0,0.0,0.3,0.0,0.0
jade_vault/entry/xuanhu-bifang,jade_vault,jindan,entry,2,100,0,0,100,0.0,8.12,9,40,0.0,0.0,0.3,0.0,0.0
jade_vault/entry/xuanwu-lingxi-jiaolong,jade_vault,jindan,entry,3,100,0,0,100,0.0,19.92,23,40,0.0,0.0,0.3,0.0,0.0
jade_vault/prepared/qingluan-xuanhu,jade_vault,jindan,prepared,2,100,100,0,0,1.0,6.86,7,40,620.0,410.0,0.3,186.0,123.0
jade_vault/prepared/xuanhu-baize,jade_vault,jindan,prepared,2,100,100,0,0,1.0,8.79,9,40,620.0,410.0,0.3,186.0,123.0
jade_vault/prepared/baize-jiaolong,jade_vault,jindan,prepared,2,100,100,0,0,1.0,7.92,8,40,620.0,410.0,0.3,186.0,123.0
jade_vault/prepared/jiaolong-qingluan,jade_vault,jindan,prepared,2,100,100,0,0,1.0,6.26,7,40,620.0,410.0,0.3,186.0,123.0
jade_vault/prepared/qingluan-xuanhu-baize,jade_vault,jindan,prepared,3,100,100,0,0,1.0,4.91,5,40,620.0,410.0,0.3,186.0,123.0
jade_vault/prepared/xuanhu-baize-jiaolong,jade_vault,jindan,prepared,3,100,100,0,0,1.0,5.05,6,40,620.0,410.0,0.3,186.0,123.0
jade_vault/prepared/baize-jiaolong-qingluan,jade_vault,jindan,prepared,3,100,100,0,0,1.0,4.62,5,40,620.0,410.0,0.3,186.0,123.0
jade_vault/prepared/jiaolong-qingluan-xuanhu,jade_vault,jindan,prepared,3,100,100,0,0,1.0,4.09,5,40,620.0,410.0,0.3,186.0,123.0
jade_vault/prepared/xuanhu-bifang,jade_vault,jindan,prepared,2,100,100,0,0,1.0,5.01,6,40,620.0,410.0,0.3,186.0,123.0
jade_vault/prepared/xuanwu-lingxi-jiaolong,jade_vault,jindan,prepared,3,100,100,0,0,1.0,6.49,8,40,620.0,410.0,0.3,186.0,123.0
frost_abyss/entry/qingluan,frost_abyss,yuanying,entry,1,100,0,0,100,0.0,4.2,5,40,0.0,0.0,0.3,0.0,0.0
frost_abyss/entry/xuanhu,frost_abyss,yuanying,entry,1,100,0,0,100,0.0,3.0,3,40,0.0,0.0,0.3,0.0,0.0
frost_abyss/entry/baize,frost_abyss,yuanying,entry,1,100,0,0,100,0.0,7.09,8,40,0.0,0.0,0.3,0.0,0.0
frost_abyss/entry/jiaolong,frost_abyss,yuanying,entry,1,100,0,0,100,0.0,4.6,5,40,0.0,0.0,0.3,0.0,0.0
frost_abyss/entry/bifang,frost_abyss,yuanying,entry,1,100,0,0,100,0.0,3.0,3,40,0.0,0.0,0.3,0.0,0.0
frost_abyss/entry/xuanwu,frost_abyss,yuanying,entry,1,100,0,0,100,0.0,8.75,10,40,0.0,0.0,0.3,0.0,0.0
frost_abyss/entry/sanlinglu,frost_abyss,yuanying,entry,1,100,0,0,100,0.0,5.23,6,40,0.0,0.0,0.3,0.0,0.0
frost_abyss/entry/chiyanhu,frost_abyss,yuanying,entry,1,100,0,0,100,0.0,4.0,4,40,0.0,0.0,0.3,0.0,0.0
frost_abyss/entry/rongyanjia,frost_abyss,yuanying,entry,1,100,0,0,100,0.0,6.12,7,40,0.0,0.0,0.3,0.0,0.0
frost_abyss/entry/lingxi,frost_abyss,yuanying,entry,1,100,0,0,100,0.0,6.98,8,40,0.0,0.0,0.3,0.0,0.0
frost_abyss/entry/hanying,frost_abyss,yuanying,entry,1,100,0,0,100,0.0,3.6,4,40,0.0,0.0,0.3,0.0,0.0
frost_abyss/entry/xuehu,frost_abyss,yuanying,entry,1,100,0,0,100,0.0,4.7,9,40,0.0,0.0,0.3,0.0,0.0
frost_abyss/entry/bingcan,frost_abyss,yuanying,entry,1,100,0,0,100,0.0,9.6,11,40,0.0,0.0,0.3,0.0,0.0
frost_abyss/entry/mohe,frost_abyss,yuanying,entry,1,100,0,0,100,0.0,4.0,4,40,0.0,0.0,0.3,0.0,0.0
frost_abyss/entry/tengling,frost_abyss,yuanying,entry,1,100,0,0,100,0.0,6.88,7,40,0.0,0.0,0.3,0.0,0.0
frost_abyss/entry/bizhu,frost_abyss,yuanying,entry,1,100,0,0,100,0.0,3.97,4,40,0.0,0.0,0.3,0.0,0.0
frost_abyss/entry/jinyu,frost_abyss,yuanying,entry,1,100,0,0,100,0.0,3.92,4,40,0.0,0.0,0.3,0.0,0.0
frost_abyss/entry/daotang,frost_abyss,yuanying,entry,1,100,0,0,100,0.0,3.09,4,40,0.0,0.0,0.3,0.0,0.0
frost_abyss/entry/tielin,frost_abyss,yuanying,entry,1,100,0,0,100,0.0,10.53,12,40,0.0,0.0,0.3,0.0,0.0
frost_abyss/entry/shanshi,frost_abyss,yuanying,entry,1,100,0,0,100,0.0,8.86,9,40,0.0,0.0,0.3,0.0,0.0
frost_abyss/entry/shiou,frost_abyss,yuanying,entry,1,100,0,0,100,0.0,17.89,19,40,0.0,0.0,0.3,0.0,0.0
frost_abyss/entry/fenghu,frost_abyss,yuanying,entry,1,100,0,0,100,0.0,4.0,4,40,0.0,0.0,0.3,0.0,0.0
frost_abyss/entry/leize,frost_abyss,yuanying,entry,1,100,0,0,100,0.0,8.97,10,40,0.0,0.0,0.3,0.0,0.0
frost_abyss/entry/leitingdiao,frost_abyss,yuanying,entry,1,100,0,0,100,0.0,4.65,5,40,0.0,0.0,0.3,0.0,0.0
frost_abyss/entry/duman,frost_abyss,yuanying,entry,1,100,0,0,100,0.0,6.01,7,40,0.0,0.0,0.3,0.0,0.0
frost_abyss/entry/molian,frost_abyss,yuanying,entry,1,100,0,0,100,0.0,5.92,6,40,0.0,0.0,0.3,0.0,0.0
frost_abyss/entry/mingdie,frost_abyss,yuanying,entry,1,100,0,0,100,0.0,3.76,6,40,0.0,0.0,0.3,0.0,0.0
frost_abyss/prepared/qingluan,frost_abyss,yuanying,prepared,1,100,100,0,0,1.0,10.46,12,40,725.0,475.0,0.3,217.5,142.5
frost_abyss/prepared/xuanhu,frost_abyss,yuanying,prepared,1,100,100,0,0,1.0,13.94,16,40,725.0,475.0,0.3,217.5,142.5
frost_abyss/prepared/baize,frost_abyss,yuanying,prepared,1,100,100,0,0,1.0,11.06,13,40,725.0,475.0,0.3,217.5,142.5
frost_abyss/prepared/jiaolong,frost_abyss,yuanying,prepared,1,100,100,0,0,1.0,6.0,6,40,725.0,475.0,0.3,217.5,142.5
frost_abyss/prepared/bifang,frost_abyss,yuanying,prepared,1,100,100,0,0,1.0,6.0,6,40,725.0,475.0,0.3,217.5,142.5
frost_abyss/prepared/xuanwu,frost_abyss,yuanying,prepared,1,100,100,0,0,1.0,12.48,13,40,725.0,475.0,0.3,217.5,142.5
frost_abyss/prepared/sanlinglu,frost_abyss,yuanying,prepared,1,100,100,0,0,1.0,9.97,10,40,725.0,475.0,0.3,217.5,142.5
frost_abyss/prepared/chiyanhu,frost_abyss,yuanying,prepared,1,100,100,0,0,1.0,10.0,10,40,725.0,475.0,0.3,217.5,142.5
frost_abyss/prepared/rongyanjia,frost_abyss,yuanying,prepared,1,100,100,0,0,1.0,10.0,10,40,725.0,475.0,0.3,217.5,142.5
frost_abyss/prepared/lingxi,frost_abyss,yuanying,prepared,1,100,100,0,0,1.0,10.09,11,40,725.0,475.0,0.3,217.5,142.5
frost_abyss/prepared/hanying,frost_abyss,yuanying,prepared,1,100,100,0,0,1.0,6.98,7,40,725.0,475.0,0.3,217.5,142.5
frost_abyss/prepared/xuehu,frost_abyss,yuanying,prepared,1,100,100,0,0,1.0,11.0,12,40,725.0,475.0,0.3,217.5,142.5
frost_abyss/prepared/bingcan,frost_abyss,yuanying,prepared,1,100,100,0,0,1.0,10.95,11,40,725.0,475.0,0.3,217.5,142.5
frost_abyss/prepared/mohe,frost_abyss,yuanying,prepared,1,100,100,0,0,1.0,10.97,11,40,725.0,475.0,0.3,217.5,142.5
frost_abyss/prepared/tengling,frost_abyss,yuanying,prepared,1,100,100,0,0,1.0,12.98,14,40,725.0,475.0,0.3,217.5,142.5
frost_abyss/prepared/bizhu,frost_abyss,yuanying,prepared,1,100,100,0,0,1.0,7.04,8,40,725.0,475.0,0.3,217.5,142.5
frost_abyss/prepared/jinyu,frost_abyss,yuanying,prepared,1,100,100,0,0,1.0,8.0,8,40,725.0,475.0,0.3,217.5,142.5
frost_abyss/prepared/daotang,frost_abyss,yuanying,prepared,1,100,100,0,0,1.0,6.0,6,40,725.0,475.0,0.3,217.5,142.5
frost_abyss/prepared/tielin,frost_abyss,yuanying,prepared,1,100,100,0,0,1.0,11.0,11,40,725.0,475.0,0.3,217.5,142.5
frost_abyss/prepared/shanshi,frost_abyss,yuanying,prepared,1,100,100,0,0,1.0,5.26,7,40,725.0,475.0,0.3,217.5,142.5
frost_abyss/prepared/shiou,frost_abyss,yuanying,prepared,1,100,100,0,0,1.0,8.26,9,40,725.0,475.0,0.3,217.5,142.5
frost_abyss/prepared/fenghu,frost_abyss,yuanying,prepared,1,100,100,0,0,1.0,10.91,11,40,725.0,475.0,0.3,217.5,142.5
frost_abyss/prepared/leize,frost_abyss,yuanying,prepared,1,100,100,0,0,1.0,5.1,6,40,725.0,475.0,0.3,217.5,142.5
frost_abyss/prepared/leitingdiao,frost_abyss,yuanying,prepared,1,100,100,0,0,1.0,4.1,6,40,725.0,475.0,0.3,217.5,142.5
frost_abyss/prepared/duman,frost_abyss,yuanying,prepared,1,100,100,0,0,1.0,8.0,8,40,725.0,475.0,0.3,217.5,142.5
frost_abyss/prepared/molian,frost_abyss,yuanying,prepared,1,100,100,0,0,1.0,10.26,12,40,725.0,475.0,0.3,217.5,142.5
frost_abyss/prepared/mingdie,frost_abyss,yuanying,prepared,1,100,100,0,0,1.0,12.21,13,40,725.0,475.0,0.3,217.5,142.5
ancient_grove/entry/qingluan-xuanhu,ancient_grove,yuanying,entry,2,100,0,0,100,0.0,7.06,8,45,0.0,0.0,0.2667,0.0,0.0
ancient_grove/entry/xuanhu-baize,ancient_grove,yuanying,entry,2,100,0,0,100,0.0,11.9,13,45,0.0,0.0,0.2667,0.0,0.0
ancient_grove/entry/baize-jiaolong,ancient_grove,yuanying,entry,2,100,0,0,100,0.0,12.95,14,45,0.0,0.0,0.2667,0.0,0.0
ancient_grove/entry/jiaolong-qingluan,ancient_grove,yuanying,entry,2,100,0,0,100,0.0,8.01,9,45,0.0,0.0,0.2667,0.0,0.0
ancient_grove/entry/qingluan-xuanhu-baize,ancient_grove,yuanying,entry,3,100,0,0,100,0.0,15.93,17,45,0.0,0.0,0.2667,0.0,0.0
ancient_grove/entry/xuanhu-baize-jiaolong,ancient_grove,yuanying,entry,3,100,0,0,100,0.0,16.01,17,45,0.0,0.0,0.2667,0.0,0.0
ancient_grove/entry/baize-jiaolong-qingluan,ancient_grove,yuanying,entry,3,100,0,0,100,0.0,16.96,18,45,0.0,0.0,0.2667,0.0,0.0
ancient_grove/entry/jiaolong-qingluan-xuanhu,ancient_grove,yuanying,entry,3,100,0,0,100,0.0,11.05,12,45,0.0,0.0,0.2667,0.0,0.0
ancient_grove/entry/xuanhu-bifang,ancient_grove,yuanying,entry,2,100,0,0,100,0.0,6.33,7,45,0.0,0.0,0.2667,0.0,0.0
ancient_grove/entry/xuanwu-lingxi-jiaolong,ancient_grove,yuanying,entry,3,100,0,0,100,0.0,19.85,23,45,0.0,0.0,0.2667,0.0,0.0
ancient_grove/prepared/qingluan-xuanhu,ancient_grove,yuanying,prepared,2,100,100,0,0,1.0,7.14,9,45,875.0,560.0,0.2667,233.333,149.333
ancient_grove/prepared/xuanhu-baize,ancient_grove,yuanying,prepared,2,100,100,0,0,1.0,6.96,7,45,875.0,560.0,0.2667,233.333,149.333
ancient_grove/prepared/baize-jiaolong,ancient_grove,yuanying,prepared,2,100,100,0,0,1.0,6.01,7,45,875.0,560.0,0.2667,233.333,149.333
ancient_grove/prepared/jiaolong-qingluan,ancient_grove,yuanying,prepared,2,100,100,0,0,1.0,6.72,8,45,875.0,560.0,0.2667,233.333,149.333
ancient_grove/prepared/qingluan-xuanhu-baize,ancient_grove,yuanying,prepared,3,100,100,0,0,1.0,4.91,5,45,875.0,560.0,0.2667,233.333,149.333
ancient_grove/prepared/xuanhu-baize-jiaolong,ancient_grove,yuanying,prepared,3,100,100,0,0,1.0,4.02,5,45,875.0,560.0,0.2667,233.333,149.333
ancient_grove/prepared/baize-jiaolong-qingluan,ancient_grove,yuanying,prepared,3,100,100,0,0,1.0,4.24,5,45,875.0,560.0,0.2667,233.333,149.333
ancient_grove/prepared/jiaolong-qingluan-xuanhu,ancient_grove,yuanying,prepared,3,100,100,0,0,1.0,4.27,5,45,875.0,560.0,0.2667,233.333,149.333
ancient_grove/prepared/xuanhu-bifang,ancient_grove,yuanying,prepared,2,100,100,0,0,1.0,4.83,6,45,875.0,560.0,0.2667,233.333,149.333
ancient_grove/prepared/xuanwu-lingxi-jiaolong,ancient_grove,yuanying,prepared,3,100,100,0,0,1.0,5.53,6,45,875.0,560.0,0.2667,233.333,149.333
void_sanctum/entry/qingluan,void_sanctum,huashen,entry,1,100,0,0,100,0.0,3.49,4,45,0.0,0.0,0.2667,0.0,0.0
void_sanctum/entry/xuanhu,void_sanctum,huashen,entry,1,100,0,0,100,0.0,3.88,4,45,0.0,0.0,0.2667,0.0,0.0
void_sanctum/entry/baize,void_sanctum,huashen,entry,1,100,0,0,100,0.0,5.67,6,45,0.0,0.0,0.2667,0.0,0.0
void_sanctum/entry/jiaolong,void_sanctum,huashen,entry,1,100,0,0,100,0.0,3.86,4,45,0.0,0.0,0.2667,0.0,0.0
void_sanctum/entry/bifang,void_sanctum,huashen,entry,1,100,0,0,100,0.0,4.0,4,45,0.0,0.0,0.2667,0.0,0.0
void_sanctum/entry/xuanwu,void_sanctum,huashen,entry,1,100,0,0,100,0.0,6.3,7,45,0.0,0.0,0.2667,0.0,0.0
void_sanctum/entry/sanlinglu,void_sanctum,huashen,entry,1,100,0,0,100,0.0,3.0,3,45,0.0,0.0,0.2667,0.0,0.0
void_sanctum/entry/chiyanhu,void_sanctum,huashen,entry,1,100,0,0,100,0.0,5.17,6,45,0.0,0.0,0.2667,0.0,0.0
void_sanctum/entry/rongyanjia,void_sanctum,huashen,entry,1,100,0,0,100,0.0,8.58,10,45,0.0,0.0,0.2667,0.0,0.0
void_sanctum/entry/lingxi,void_sanctum,huashen,entry,1,100,0,0,100,0.0,5.03,6,45,0.0,0.0,0.2667,0.0,0.0
void_sanctum/entry/hanying,void_sanctum,huashen,entry,1,100,0,0,100,0.0,3.0,3,45,0.0,0.0,0.2667,0.0,0.0
void_sanctum/entry/xuehu,void_sanctum,huashen,entry,1,100,0,0,100,0.0,3.72,8,45,0.0,0.0,0.2667,0.0,0.0
void_sanctum/entry/bingcan,void_sanctum,huashen,entry,1,100,0,0,100,0.0,7.0,7,45,0.0,0.0,0.2667,0.0,0.0
void_sanctum/entry/mohe,void_sanctum,huashen,entry,1,100,0,0,100,0.0,3.06,4,45,0.0,0.0,0.2667,0.0,0.0
void_sanctum/entry/tengling,void_sanctum,huashen,entry,1,100,0,0,100,0.0,4.0,4,45,0.0,0.0,0.2667,0.0,0.0
void_sanctum/entry/bizhu,void_sanctum,huashen,entry,1,100,0,0,100,0.0,2.37,3,45,0.0,0.0,0.2667,0.0,0.0
void_sanctum/entry/jinyu,void_sanctum,huashen,entry,1,100,0,0,100,0.0,3.0,3,45,0.0,0.0,0.2667,0.0,0.0
void_sanctum/entry/daotang,void_sanctum,huashen,entry,1,100,0,0,100,0.0,2.97,3,45,0.0,0.0,0.2667,0.0,0.0
void_sanctum/entry/tielin,void_sanctum,huashen,entry,1,100,0,0,100,0.0,6.99,7,45,0.0,0.0,0.2667,0.0,0.0
void_sanctum/entry/shanshi,void_sanctum,huashen,entry,1,100,0,0,100,0.0,5.0,5,45,0.0,0.0,0.2667,0.0,0.0
void_sanctum/entry/shiou,void_sanctum,huashen,entry,1,100,0,0,100,0.0,7.75,8,45,0.0,0.0,0.2667,0.0,0.0
void_sanctum/entry/fenghu,void_sanctum,huashen,entry,1,100,0,0,100,0.0,3.0,3,45,0.0,0.0,0.2667,0.0,0.0
void_sanctum/entry/leize,void_sanctum,huashen,entry,1,100,0,0,100,0.0,5.0,5,45,0.0,0.0,0.2667,0.0,0.0
void_sanctum/entry/leitingdiao,void_sanctum,huashen,entry,1,100,0,0,100,0.0,3.0,3,45,0.0,0.0,0.2667,0.0,0.0
void_sanctum/entry/duman,void_sanctum,huashen,entry,1,100,0,0,100,0.0,4.82,5,45,0.0,0.0,0.2667,0.0,0.0
void_sanctum/entry/molian,void_sanctum,huashen,entry,1,100,0,0,100,0.0,4.19,5,45,0.0,0.0,0.2667,0.0,0.0
void_sanctum/entry/mingdie,void_sanctum,huashen,entry,1,100,0,0,100,0.0,3.27,7,45,0.0,0.0,0.2667,0.0,0.0
void_sanctum/prepared/qingluan,void_sanctum,huashen,prepared,1,100,100,0,0,1.0,11.9,13,45,1000.0,640.0,0.2667,266.667,170.667
void_sanctum/prepared/xuanhu,void_sanctum,huashen,prepared,1,100,100,0,0,1.0,8.84,9,45,1000.0,640.0,0.2667,266.667,170.667
void_sanctum/prepared/baize,void_sanctum,huashen,prepared,1,100,100,0,0,1.0,15.22,16,45,1000.0,640.0,0.2667,266.667,170.667
void_sanctum/prepared/jiaolong,void_sanctum,huashen,prepared,1,100,100,0,0,1.0,8.24,10,45,1000.0,640.0,0.2667,266.667,170.667
void_sanctum/prepared/bifang,void_sanctum,huashen,prepared,1,100,100,0,0,1.0,4.0,4,45,1000.0,640.0,0.2667,266.667,170.667
void_sanctum/prepared/xuanwu,void_sanctum,huashen,prepared,1,100,100,0,0,1.0,15.39,16,45,1000.0,640.0,0.2667,266.667,170.667
void_sanctum/prepared/sanlinglu,void_sanctum,huashen,prepared,1,100,100,0,0,1.0,6.58,7,45,1000.0,640.0,0.2667,266.667,170.667
void_sanctum/prepared/chiyanhu,void_sanctum,huashen,prepared,1,100,100,0,0,1.0,6.54,7,45,1000.0,640.0,0.2667,266.667,170.667
void_sanctum/prepared/rongyanjia,void_sanctum,huashen,prepared,1,100,100,0,0,1.0,7.14,9,45,1000.0,640.0,0.2667,266.667,170.667
void_sanctum/prepared/lingxi,void_sanctum,huashen,prepared,1,100,100,0,0,1.0,15.38,16,45,1000.0,640.0,0.2667,266.667,170.667
void_sanctum/prepared/hanying,void_sanctum,huashen,prepared,1,100,100,0,0,1.0,8.7,9,45,1000.0,640.0,0.2667,266.667,170.667
void_sanctum/prepared/xuehu,void_sanctum,huashen,prepared,1,100,100,0,0,1.0,12.76,13,45,1000.0,640.0,0.2667,266.667,170.667
void_sanctum/prepared/bingcan,void_sanctum,huashen,prepared,1,100,100,0,0,1.0,13.9,16,45,1000.0,640.0,0.2667,266.667,170.667
void_sanctum/prepared/mohe,void_sanctum,huashen,prepared,1,100,100,0,0,1.0,12.02,14,45,1000.0,640.0,0.2667,266.667,170.667
void_sanctum/prepared/tengling,void_sanctum,huashen,prepared,1,100,100,0,0,1.0,21.0,23,45,1000.0,640.0,0.2667,266.667,170.667
void_sanctum/prepared/bizhu,void_sanctum,huashen,prepared,1,100,100,0,0,1.0,8.99,9,45,1000.0,640.0,0.2667,266.667,170.667
void_sanctum/prepared/jinyu,void_sanctum,huashen,prepared,1,100,100,0,0,1.0,9.72,10,45,1000.0,640.0,0.2667,266.667,170.667
void_sanctum/prepared/daotang,void_sanctum,huashen,prepared,1,100,100,0,0,1.0,7.9,8,45,1000.0,640.0,0.2667,266.667,170.667
void_sanctum/prepared/tielin,void_sanctum,huashen,prepared,1,100,100,0,0,1.0,13.91,14,45,1000.0,640.0,0.2667,266.667,170.667
void_sanctum/prepared/shanshi,void_sanctum,huashen,prepared,1,100,100,0,0,1.0,9.0,9,45,1000.0,640.0,0.2667,266.667,170.667
void_sanctum/prepared/shiou,void_sanctum,huashen,prepared,1,100,100,0,0,1.0,14.2,15,45,1000.0,640.0,0.2667,266.667,170.667
void_sanctum/prepared/fenghu,void_sanctum,huashen,prepared,1,100,100,0,0,1.0,12.02,14,45,1000.0,640.0,0.2667,266.667,170.667
void_sanctum/prepared/leize,void_sanctum,huashen,prepared,1,100,100,0,0,1.0,8.74,10,45,1000.0,640.0,0.2667,266.667,170.667
void_sanctum/prepared/leitingdiao,void_sanctum,huashen,prepared,1,100,100,0,0,1.0,6.0,6,45,1000.0,640.0,0.2667,266.667,170.667
void_sanctum/prepared/duman,void_sanctum,huashen,prepared,1,100,100,0,0,1.0,10.04,11,45,1000.0,640.0,0.2667,266.667,170.667
void_sanctum/prepared/molian,void_sanctum,huashen,prepared,1,100,100,0,0,1.0,11.7,13,45,1000.0,640.0,0.2667,266.667,170.667
void_sanctum/prepared/mingdie,void_sanctum,huashen,prepared,1,100,90,0,10,0.9,13.72,16,45,900.0,576.0,0.2667,240.0,153.6
nether_court/entry/qingluan-xuanhu,nether_court,huashen,entry,2,100,0,0,100,0.0,5.98,7,50,0.0,0.0,0.24,0.0,0.0
nether_court/entry/xuanhu-baize,nether_court,huashen,entry,2,100,0,0,100,0.0,7.96,8,50,0.0,0.0,0.24,0.0,0.0
nether_court/entry/baize-jiaolong,nether_court,huashen,entry,2,100,0,0,100,0.0,8.18,9,50,0.0,0.0,0.24,0.0,0.0
nether_court/entry/jiaolong-qingluan,nether_court,huashen,entry,2,100,0,0,100,0.0,6.26,8,50,0.0,0.0,0.24,0.0,0.0
nether_court/entry/qingluan-xuanhu-baize,nether_court,huashen,entry,3,100,0,0,100,0.0,10.99,12,50,0.0,0.0,0.24,0.0,0.0
nether_court/entry/xuanhu-baize-jiaolong,nether_court,huashen,entry,3,100,0,0,100,0.0,11.21,12,50,0.0,0.0,0.24,0.0,0.0
nether_court/entry/baize-jiaolong-qingluan,nether_court,huashen,entry,3,100,0,0,100,0.0,11.19,12,50,0.0,0.0,0.24,0.0,0.0
nether_court/entry/jiaolong-qingluan-xuanhu,nether_court,huashen,entry,3,100,0,0,100,0.0,9.14,10,50,0.0,0.0,0.24,0.0,0.0
nether_court/entry/xuanhu-bifang,nether_court,huashen,entry,2,100,0,0,100,0.0,5.93,6,50,0.0,0.0,0.24,0.0,0.0
nether_court/entry/xuanwu-lingxi-jiaolong,nether_court,huashen,entry,3,100,0,0,100,0.0,14.71,17,50,0.0,0.0,0.24,0.0,0.0
nether_court/prepared/qingluan-xuanhu,nether_court,huashen,prepared,2,100,100,0,0,1.0,10.47,11,50,1175.0,740.0,0.24,282.0,177.6
nether_court/prepared/xuanhu-baize,nether_court,huashen,prepared,2,100,100,0,0,1.0,11.68,13,50,1175.0,740.0,0.24,282.0,177.6
nether_court/prepared/baize-jiaolong,nether_court,huashen,prepared,2,100,100,0,0,1.0,9.71,10,50,1175.0,740.0,0.24,282.0,177.6
nether_court/prepared/jiaolong-qingluan,nether_court,huashen,prepared,2,100,100,0,0,1.0,8.48,9,50,1175.0,740.0,0.24,282.0,177.6
nether_court/prepared/qingluan-xuanhu-baize,nether_court,huashen,prepared,3,100,100,0,0,1.0,6.92,7,50,1175.0,740.0,0.24,282.0,177.6
nether_court/prepared/xuanhu-baize-jiaolong,nether_court,huashen,prepared,3,100,100,0,0,1.0,5.96,6,50,1175.0,740.0,0.24,282.0,177.6
nether_court/prepared/baize-jiaolong-qingluan,nether_court,huashen,prepared,3,100,100,0,0,1.0,6.02,7,50,1175.0,740.0,0.24,282.0,177.6
nether_court/prepared/jiaolong-qingluan-xuanhu,nether_court,huashen,prepared,3,100,100,0,0,1.0,5.35,6,50,1175.0,740.0,0.24,282.0,177.6
nether_court/prepared/xuanhu-bifang,nether_court,huashen,prepared,2,100,100,0,0,1.0,6.05,7,50,1175.0,740.0,0.24,282.0,177.6
nether_court/prepared/xuanwu-lingxi-jiaolong,nether_court,huashen,prepared,3,100,100,0,0,1.0,6.53,8,50,1175.0,740.0,0.24,282.0,177.6
tribulation_sky/entry/qingluan,tribulation_sky,dujie,entry,1,100,0,0,100,0.0,3.0,3,50,0.0,0.0,0.24,0.0,0.0
tribulation_sky/entry/xuanhu,tribulation_sky,dujie,entry,1,100,0,0,100,0.0,2.97,3,50,0.0,0.0,0.24,0.0,0.0
tribulation_sky/entry/baize,tribulation_sky,dujie,entry,1,100,0,0,100,0.0,4.41,5,50,0.0,0.0,0.24,0.0,0.0
tribulation_sky/entry/jiaolong,tribulation_sky,dujie,entry,1,100,0,0,100,0.0,2.99,3,50,0.0,0.0,0.24,0.0,0.0
tribulation_sky/entry/bifang,tribulation_sky,dujie,entry,1,100,0,0,100,0.0,3.0,3,50,0.0,0.0,0.24,0.0,0.0
tribulation_sky/entry/xuanwu,tribulation_sky,dujie,entry,1,100,0,0,100,0.0,3.95,4,50,0.0,0.0,0.24,0.0,0.0
tribulation_sky/entry/sanlinglu,tribulation_sky,dujie,entry,1,100,0,0,100,0.0,3.01,4,50,0.0,0.0,0.24,0.0,0.0
tribulation_sky/entry/chiyanhu,tribulation_sky,dujie,entry,1,100,0,0,100,0.0,3.09,4,50,0.0,0.0,0.24,0.0,0.0
tribulation_sky/entry/rongyanjia,tribulation_sky,dujie,entry,1,100,0,0,100,0.0,5.02,6,50,0.0,0.0,0.24,0.0,0.0
tribulation_sky/entry/lingxi,tribulation_sky,dujie,entry,1,100,0,0,100,0.0,3.0,3,50,0.0,0.0,0.24,0.0,0.0
tribulation_sky/entry/hanying,tribulation_sky,dujie,entry,1,100,0,0,100,0.0,2.0,2,50,0.0,0.0,0.24,0.0,0.0
tribulation_sky/entry/xuehu,tribulation_sky,dujie,entry,1,100,0,0,100,0.0,2.77,5,50,0.0,0.0,0.24,0.0,0.0
tribulation_sky/entry/bingcan,tribulation_sky,dujie,entry,1,100,0,0,100,0.0,4.13,5,50,0.0,0.0,0.24,0.0,0.0
tribulation_sky/entry/mohe,tribulation_sky,dujie,entry,1,100,0,0,100,0.0,2.4,3,50,0.0,0.0,0.24,0.0,0.0
tribulation_sky/entry/tengling,tribulation_sky,dujie,entry,1,100,0,0,100,0.0,4.0,4,50,0.0,0.0,0.24,0.0,0.0
tribulation_sky/entry/bizhu,tribulation_sky,dujie,entry,1,100,0,0,100,0.0,3.0,3,50,0.0,0.0,0.24,0.0,0.0
tribulation_sky/entry/jinyu,tribulation_sky,dujie,entry,1,100,0,0,100,0.0,3.0,3,50,0.0,0.0,0.24,0.0,0.0
tribulation_sky/entry/daotang,tribulation_sky,dujie,entry,1,100,0,0,100,0.0,2.4,3,50,0.0,0.0,0.24,0.0,0.0
tribulation_sky/entry/tielin,tribulation_sky,dujie,entry,1,100,0,0,100,0.0,5.39,6,50,0.0,0.0,0.24,0.0,0.0
tribulation_sky/entry/shanshi,tribulation_sky,dujie,entry,1,100,0,0,100,0.0,4.0,4,50,0.0,0.0,0.24,0.0,0.0
tribulation_sky/entry/shiou,tribulation_sky,dujie,entry,1,100,0,0,100,0.0,6.07,7,50,0.0,0.0,0.24,0.0,0.0
tribulation_sky/entry/fenghu,tribulation_sky,dujie,entry,1,100,0,0,100,0.0,3.0,3,50,0.0,0.0,0.24,0.0,0.0
tribulation_sky/entry/leize,tribulation_sky,dujie,entry,1,100,0,0,100,0.0,4.0,4,50,0.0,0.0,0.24,0.0,0.0
tribulation_sky/entry/leitingdiao,tribulation_sky,dujie,entry,1,100,0,0,100,0.0,3.0,3,50,0.0,0.0,0.24,0.0,0.0
tribulation_sky/entry/duman,tribulation_sky,dujie,entry,1,100,0,0,100,0.0,3.96,4,50,0.0,0.0,0.24,0.0,0.0
tribulation_sky/entry/molian,tribulation_sky,dujie,entry,1,100,0,0,100,0.0,3.43,4,50,0.0,0.0,0.24,0.0,0.0
tribulation_sky/entry/mingdie,tribulation_sky,dujie,entry,1,100,0,0,100,0.0,2.68,6,50,0.0,0.0,0.24,0.0,0.0
tribulation_sky/prepared/qingluan,tribulation_sky,dujie,prepared,1,100,100,0,0,1.0,9.42,11,50,1300.0,810.0,0.24,312.0,194.4
tribulation_sky/prepared/xuanhu,tribulation_sky,dujie,prepared,1,100,100,0,0,1.0,9.04,11,50,1300.0,810.0,0.24,312.0,194.4
tribulation_sky/prepared/baize,tribulation_sky,dujie,prepared,1,100,100,0,0,1.0,12.0,14,50,1300.0,810.0,0.24,312.0,194.4
tribulation_sky/prepared/jiaolong,tribulation_sky,dujie,prepared,1,100,100,0,0,1.0,8.0,8,50,1300.0,810.0,0.24,312.0,194.4
tribulation_sky/prepared/bifang,tribulation_sky,dujie,prepared,1,100,100,0,0,1.0,4.0,4,50,1300.0,810.0,0.24,312.0,194.4
tribulation_sky/prepared/xuanwu,tribulation_sky,dujie,prepared,1,100,100,0,0,1.0,15.68,16,50,1300.0,810.0,0.24,312.0,194.4
tribulation_sky/prepared/sanlinglu,tribulation_sky,dujie,prepared,1,100,100,0,0,1.0,7.0,7,50,1300.0,810.0,0.24,312.0,194.4
tribulation_sky/prepared/chiyanhu,tribulation_sky,dujie,prepared,1,100,100,0,0,1.0,6.98,7,50,1300.0,810.0,0.24,312.0,194.4
tribulation_sky/prepared/rongyanjia,tribulation_sky,dujie,prepared,1,100,100,0,0,1.0,7.68,9,50,1300.0,810.0,0.24,312.0,194.4
tribulation_sky/prepared/lingxi,tribulation_sky,dujie,prepared,1,100,100,0,0,1.0,16.4,18,50,1300.0,810.0,0.24,312.0,194.4
tribulation_sky/prepared/hanying,tribulation_sky,dujie,prepared,1,100,100,0,0,1.0,9.0,9,50,1300.0,810.0,0.24,312.0,194.4
tribulation_sky/prepared/xuehu,tribulation_sky,dujie,prepared,1,100,98,0,2,0.98,13.38,15,50,1274.0,793.8,0.24,305.76,190.512
tribulation_sky/prepared/bingcan,tribulation_sky,dujie,prepared,1,100,100,0,0,1.0,17.6,20,50,1300.0,810.0,0.24,312.0,194.4
tribulation_sky/prepared/mohe,tribulation_sky,dujie,prepared,1,100,100,0,0,1.0,10.0,10,50,1300.0,810.0,0.24,312.0,194.4
tribulation_sky/prepared/tengling,tribulation_sky,dujie,prepared,1,100,100,0,0,1.0,11.7,13,50,1300.0,810.0,0.24,312.0,194.4
tribulation_sky/prepared/bizhu,tribulation_sky,dujie,prepared,1,100,100,0,0,1.0,7.03,8,50,1300.0,810.0,0.24,312.0,194.4
tribulation_sky/prepared/jinyu,tribulation_sky,dujie,prepared,1,100,100,0,0,1.0,8.0,8,50,1300.0,810.0,0.24,312.0,194.4
tribulation_sky/prepared/daotang,tribulation_sky,dujie,prepared,1,100,100,0,0,1.0,6.0,6,50,1300.0,810.0,0.24,312.0,194.4
tribulation_sky/prepared/tielin,tribulation_sky,dujie,prepared,1,100,100,0,0,1.0,10.84,12,50,1300.0,810.0,0.24,312.0,194.4
tribulation_sky/prepared/shanshi,tribulation_sky,dujie,prepared,1,100,100,0,0,1.0,7.0,7,50,1300.0,810.0,0.24,312.0,194.4
tribulation_sky/prepared/shiou,tribulation_sky,dujie,prepared,1,100,100,0,0,1.0,11.04,12,50,1300.0,810.0,0.24,312.0,194.4
tribulation_sky/prepared/fenghu,tribulation_sky,dujie,prepared,1,100,100,0,0,1.0,10.0,10,50,1300.0,810.0,0.24,312.0,194.4
tribulation_sky/prepared/leize,tribulation_sky,dujie,prepared,1,100,100,0,0,1.0,7.98,8,50,1300.0,810.0,0.24,312.0,194.4
tribulation_sky/prepared/leitingdiao,tribulation_sky,dujie,prepared,1,100,100,0,0,1.0,6.0,6,50,1300.0,810.0,0.24,312.0,194.4
tribulation_sky/prepared/duman,tribulation_sky,dujie,prepared,1,100,100,0,0,1.0,9.25,10,50,1300.0,810.0,0.24,312.0,194.4
tribulation_sky/prepared/molian,tribulation_sky,dujie,prepared,1,100,100,0,0,1.0,9.12,11,50,1300.0,810.0,0.24,312.0,194.4
tribulation_sky/prepared/mingdie,tribulation_sky,dujie,prepared,1,100,98,0,2,0.98,11.64,12,50,1274.0,793.8,0.24,305.76,190.512
heaven_gate/entry/qingluan-xuanhu,heaven_gate,dujie,entry,2,100,0,0,100,0.0,6.08,7,55,0.0,0.0,0.2182,0.0,0.0
heaven_gate/entry/xuanhu-baize,heaven_gate,dujie,entry,2,100,0,0,100,0.0,6.5,8,55,0.0,0.0,0.2182,0.0,0.0
heaven_gate/entry/baize-jiaolong,heaven_gate,dujie,entry,2,100,0,0,100,0.0,6.55,8,55,0.0,0.0,0.2182,0.0,0.0
heaven_gate/entry/jiaolong-qingluan,heaven_gate,dujie,entry,2,100,0,0,100,0.0,6.07,7,55,0.0,0.0,0.2182,0.0,0.0
heaven_gate/entry/qingluan-xuanhu-baize,heaven_gate,dujie,entry,3,100,0,0,100,0.0,10.09,12,55,0.0,0.0,0.2182,0.0,0.0
heaven_gate/entry/xuanhu-baize-jiaolong,heaven_gate,dujie,entry,3,100,0,0,100,0.0,9.08,11,55,0.0,0.0,0.2182,0.0,0.0
heaven_gate/entry/baize-jiaolong-qingluan,heaven_gate,dujie,entry,3,100,0,0,100,0.0,10.06,12,55,0.0,0.0,0.2182,0.0,0.0
heaven_gate/entry/jiaolong-qingluan-xuanhu,heaven_gate,dujie,entry,3,100,0,0,100,0.0,8.51,10,55,0.0,0.0,0.2182,0.0,0.0
heaven_gate/entry/xuanhu-bifang,heaven_gate,dujie,entry,2,100,0,0,100,0.0,5.09,6,55,0.0,0.0,0.2182,0.0,0.0
heaven_gate/entry/xuanwu-lingxi-jiaolong,heaven_gate,dujie,entry,3,100,0,0,100,0.0,9.28,11,55,0.0,0.0,0.2182,0.0,0.0
heaven_gate/prepared/qingluan-xuanhu,heaven_gate,dujie,prepared,2,100,100,0,0,1.0,6.86,7,55,1525.0,950.0,0.2182,332.727,207.273
heaven_gate/prepared/xuanhu-baize,heaven_gate,dujie,prepared,2,100,100,0,0,1.0,8.65,9,55,1525.0,950.0,0.2182,332.727,207.273
heaven_gate/prepared/baize-jiaolong,heaven_gate,dujie,prepared,2,100,100,0,0,1.0,7.96,8,55,1525.0,950.0,0.2182,332.727,207.273
heaven_gate/prepared/jiaolong-qingluan,heaven_gate,dujie,prepared,2,100,100,0,0,1.0,6.1,7,55,1525.0,950.0,0.2182,332.727,207.273
heaven_gate/prepared/qingluan-xuanhu-baize,heaven_gate,dujie,prepared,3,100,100,0,0,1.0,4.91,5,55,1525.0,950.0,0.2182,332.727,207.273
heaven_gate/prepared/xuanhu-baize-jiaolong,heaven_gate,dujie,prepared,3,100,100,0,0,1.0,5.0,6,55,1525.0,950.0,0.2182,332.727,207.273
heaven_gate/prepared/baize-jiaolong-qingluan,heaven_gate,dujie,prepared,3,100,100,0,0,1.0,4.6,5,55,1525.0,950.0,0.2182,332.727,207.273
heaven_gate/prepared/jiaolong-qingluan-xuanhu,heaven_gate,dujie,prepared,3,100,100,0,0,1.0,4.07,5,55,1525.0,950.0,0.2182,332.727,207.273
heaven_gate/prepared/xuanhu-bifang,heaven_gate,dujie,prepared,2,100,100,0,0,1.0,4.97,6,55,1525.0,950.0,0.2182,332.727,207.273
heaven_gate/prepared/xuanwu-lingxi-jiaolong,heaven_gate,dujie,prepared,3,100,100,0,0,1.0,6.31,8,55,1525.0,950.0,0.2182,332.727,207.273
