id,category,subject,variant,realm,seed_group,dungeon,initial_venom,trials,wins,draws,losses,win_rate,mean_rounds,max_rounds,mean_left_hp_ratio,mean_right_hp_ratio,tracked_skill_casts,actual_effect_activations,invalid_states
lineage/qingluan_lingfeng/selected,lineage,qingluan_lingfeng,selected,zhuji,lineage/qingluan/2,thunder,False,100,100,0,0,1.0,7.0,7,0.8997,0.0,0,0,0
lineage/qingluan_lingfeng/control,lineage,qingluan_lingfeng,control,zhuji,lineage/qingluan/2,thunder,False,100,100,0,0,1.0,7.68,9,0.9065,0.0,0,0,0
lineage/qingluan_qingmu/selected,lineage,qingluan_qingmu,selected,zhuji,lineage/qingluan/2,thunder,False,100,100,0,0,1.0,8.1,9,0.9323,0.0,0,0,0
lineage/qingluan_qingmu/control,lineage,qingluan_qingmu,control,zhuji,lineage/qingluan/2,thunder,False,100,100,0,0,1.0,7.68,9,0.9065,0.0,0,0,0
lineage/xuanhu_yeyan/selected,lineage,xuanhu_yeyan,selected,zhuji,lineage/xuanhu/2,thunder,False,100,100,0,0,1.0,5.66,7,0.6888,0.0,0,0,0
lineage/xuanhu_yeyan/control,lineage,xuanhu_yeyan,control,zhuji,lineage/xuanhu/2,thunder,False,100,100,0,0,1.0,7.18,9,0.6711,0.0,0,0,0
lineage/xuanhu_huoxue/selected,lineage,xuanhu_huoxue,selected,zhuji,lineage/xuanhu/2,thunder,False,100,100,0,0,1.0,7.0,7,0.8068,0.0,0,0,0
lineage/xuanhu_huoxue/control,lineage,xuanhu_huoxue,control,zhuji,lineage/xuanhu/2,thunder,False,100,100,0,0,1.0,7.18,9,0.6711,0.0,0,0,0
lineage/baize_jinjue/selected,lineage,baize_jinjue,selected,zhuji,lineage/baize/2,thunder,False,100,100,0,0,1.0,6.54,8,0.982,0.0,0,0,0
lineage/baize_jinjue/control,lineage,baize_jinjue,control,zhuji,lineage/baize/2,thunder,False,100,100,0,0,1.0,9.16,10,0.9655,0.0,0,0,0
lineage/baize_shouque/selected,lineage,baize_shouque,selected,zhuji,lineage/baize/2,thunder,False,100,100,0,0,1.0,8.54,10,1.0,0.0,0,0,0
lineage/baize_shouque/control,lineage,baize_shouque,control,zhuji,lineage/baize/2,thunder,False,100,100,0,0,1.0,9.16,10,0.9655,0.0,0,0,0
lineage/jiaolong_canglan/selected,lineage,jiaolong_canglan,selected,zhuji,lineage/jiaolong/2,thunder,False,100,100,0,0,1.0,6.0,6,0.8407,0.0,0,0,0
lineage/jiaolong_canglan/control,lineage,jiaolong_canglan,control,zhuji,lineage/jiaolong/2,thunder,False,100,100,0,0,1.0,6.0,6,0.729,0.0,0,0,0
lineage/jiaolong_jingtao/selected,lineage,jiaolong_jingtao,selected,zhuji,lineage/jiaolong/2,thunder,False,100,100,0,0,1.0,4.54,6,0.7433,0.0,0,0,0
lineage/jiaolong_jingtao/control,lineage,jiaolong_jingtao,control,zhuji,lineage/jiaolong/2,thunder,False,100,100,0,0,1.0,6.0,6,0.729,0.0,0,0,0
lineage/bifang_liaotian/selected,lineage,bifang_liaotian,selected,zhuji,lineage/bifang/2,thunder,False,100,100,0,0,1.0,2.16,4,0.8411,0.0,0,0,0
lineage/bifang_liaotian/control,lineage,bifang_liaotian,control,zhuji,lineage/bifang/2,thunder,False,100,100,0,0,1.0,4.0,4,0.7855,0.0,0,0,0
lineage/bifang_yuyang/selected,lineage,bifang_yuyang,selected,zhuji,lineage/bifang/2,thunder,False,100,100,0,0,1.0,3.88,4,0.8516,0.0,0,0,0
lineage/bifang_yuyang/control,lineage,bifang_yuyang,control,zhuji,lineage/bifang/2,thunder,False,100,100,0,0,1.0,4.0,4,0.7855,0.0,0,0,0
lineage/xuanwu_fuhai/selected,lineage,xuanwu_fuhai,selected,zhuji,lineage/xuanwu/2,thunder,False,100,100,0,0,1.0,14.0,15,0.984,0.0,0,0,0
lineage/xuanwu_fuhai/control,lineage,xuanwu_fuhai,control,zhuji,lineage/xuanwu/2,thunder,False,100,100,0,0,1.0,11.62,12,0.9612,0.0,0,0,0
lineage/xuanwu_xuanchao/selected,lineage,xuanwu_xuanchao,selected,zhuji,lineage/xuanwu/2,thunder,False,100,100,0,0,1.0,8.0,8,0.9707,0.0,0,0,0
lineage/xuanwu_xuanchao/control,lineage,xuanwu_xuanchao,control,zhuji,lineage/xuanwu/2,thunder,False,100,100,0,0,1.0,11.62,12,0.9612,0.0,0,0,0
lineage/sanlinglu_muxin/selected,lineage,sanlinglu_muxin,selected,zhuji,lineage/sanlinglu/2,thunder,False,100,100,0,0,1.0,5.98,7,0.9809,0.0,0,0,0
lineage/sanlinglu_muxin/control,lineage,sanlinglu_muxin,control,zhuji,lineage/sanlinglu/2,thunder,False,100,100,0,0,1.0,5.08,7,0.9582,0.0,0,0,0
lineage/sanlinglu_sanyao/selected,lineage,sanlinglu_sanyao,selected,zhuji,lineage/sanlinglu/2,thunder,False,100,100,0,0,1.0,5.0,5,0.9536,0.0,0,0,0
lineage/sanlinglu_sanyao/control,lineage,sanlinglu_sanyao,control,zhuji,lineage/sanlinglu/2,thunder,False,100,100,0,0,1.0,5.08,7,0.9582,0.0,0,0,0
lineage/chiyanhu_liepo/selected,lineage,chiyanhu_liepo,selected,zhuji,lineage/chiyanhu/2,thunder,False,100,100,0,0,1.0,5.0,5,0.9149,0.0,0,0,0
lineage/chiyanhu_liepo/control,lineage,chiyanhu_liepo,control,zhuji,lineage/chiyanhu/2,thunder,False,100,100,0,0,1.0,5.28,7,0.9234,0.0,0,0,0
lineage/chiyanhu_yanyue/selected,lineage,chiyanhu_yanyue,selected,zhuji,lineage/chiyanhu/2,thunder,False,100,100,0,0,1.0,5.0,5,0.9435,0.0,0,0,0
lineage/chiyanhu_yanyue/control,lineage,chiyanhu_yanyue,control,zhuji,lineage/chiyanhu/2,thunder,False,100,100,0,0,1.0,5.28,7,0.9234,0.0,0,0,0
lineage/rongyanjia_rongxin/selected,lineage,rongyanjia_rongxin,selected,zhuji,lineage/rongyanjia/2,thunder,False,100,100,0,0,1.0,5.0,5,0.9979,0.0,0,0,0
lineage/rongyanjia_rongxin/control,lineage,rongyanjia_rongxin,control,zhuji,lineage/rongyanjia/2,thunder,False,100,100,0,0,1.0,5.77,7,0.9949,0.0,0,0,0
lineage/rongyanjia_yanzang/selected,lineage,rongyanjia_yanzang,selected,zhuji,lineage/rongyanjia/2,thunder,False,100,100,0,0,1.0,7.0,7,0.9994,0.0,0,0,0
lineage/rongyanjia_yanzang/control,lineage,rongyanjia_yanzang,control,zhuji,lineage/rongyanjia/2,thunder,False,100,100,0,0,1.0,5.77,7,0.9949,0.0,0,0,0
lineage/lingxi_chaosheng/selected,lineage,lingxi_chaosheng,selected,zhuji,lineage/lingxi/2,thunder,False,100,100,0,0,1.0,15.08,16,0.9755,0.0,0,0,0
lineage/lingxi_chaosheng/control,lineage,lingxi_chaosheng,control,zhuji,lineage/lingxi/2,thunder,False,100,100,0,0,1.0,14.08,16,0.952,0.0,0,0,0
lineage/lingxi_liubo/selected,lineage,lingxi_liubo,selected,zhuji,lineage/lingxi/2,thunder,False,100,100,0,0,1.0,11.86,12,0.9455,0.0,0,0,0
lineage/lingxi_liubo/control,lineage,lingxi_liubo,control,zhuji,lineage/lingxi/2,thunder,False,100,100,0,0,1.0,14.08,16,0.952,0.0,0,0,0
lineage/hanying_liekong/selected,lineage,hanying_liekong,selected,zhuji,lineage/hanying/2,thunder,False,100,100,0,0,1.0,5.68,7,0.4344,0.0,0,0,0
lineage/hanying_liekong/control,lineage,hanying_liekong,control,zhuji,lineage/hanying/2,thunder,False,100,100,0,0,1.0,7.0,7,0.4085,0.0,0,0,0
lineage/hanying_hanshuang/selected,lineage,hanying_hanshuang,selected,zhuji,lineage/hanying/2,thunder,False,100,100,0,0,1.0,6.02,7,0.6311,0.0,0,0,0
lineage/hanying_hanshuang/control,lineage,hanying_hanshuang,control,zhuji,lineage/hanying/2,thunder,False,100,100,0,0,1.0,7.0,7,0.4085,0.0,0,0,0
lineage/xuehu_huanying/selected,lineage,xuehu_huanying,selected,zhuji,lineage/xuehu/2,thunder,False,100,100,0,0,1.0,10.6,11,0.4987,0.0,0,0,0
lineage/xuehu_huanying/control,lineage,xuehu_huanying,control,zhuji,lineage/xuehu/2,thunder,False,100,100,0,0,1.0,11.66,13,0.4749,0.0,0,0,0
lineage/xuehu_shouxue/selected,lineage,xuehu_shouxue,selected,zhuji,lineage/xuehu/2,thunder,False,100,100,0,0,1.0,11.14,13,0.752,0.0,0,0,0
lineage/xuehu_shouxue/control,lineage,xuehu_shouxue,control,zhuji,lineage/xuehu/2,thunder,False,100,100,0,0,1.0,11.66,13,0.4749,0.0,0,0,0
lineage/bingcan_hanjian/selected,lineage,bingcan_hanjian,selected,zhuji,lineage/bingcan/2,thunder,False,100,100,0,0,1.0,14.78,16,0.9753,0.0,0,0,0
lineage/bingcan_hanjian/control,lineage,bingcan_hanjian,control,zhuji,lineage/bingcan/2,thunder,False,100,100,0,0,1.0,13.44,16,0.9523,0.0,0,0,0
lineage/bingcan_bingsi/selected,lineage,bingcan_bingsi,selected,zhuji,lineage/bingcan/2,thunder,False,100,100,0,0,1.0,9.7,10,0.9454,0.0,0,0,0
lineage/bingcan_bingsi/control,lineage,bingcan_bingsi,control,zhuji,lineage/bingcan/2,thunder,False,100,100,0,0,1.0,13.44,16,0.9523,0.0,0,0,0
lineage/mohe_molang/selected,lineage,mohe_molang,selected,zhuji,lineage/mohe/2,thunder,False,100,100,0,0,1.0,6.0,6,0.7449,0.0,0,0,0
lineage/mohe_molang/control,lineage,mohe_molang,control,zhuji,lineage/mohe/2,thunder,False,100,100,0,0,1.0,8.0,8,0.5575,0.0,0,0,0
lineage/mohe_tingfeng/selected,lineage,mohe_tingfeng,selected,zhuji,lineage/mohe/2,thunder,False,100,100,0,0,1.0,8.04,10,0.6569,0.0,0,0,0
lineage/mohe_tingfeng/control,lineage,mohe_tingfeng,control,zhuji,lineage/mohe/2,thunder,False,100,100,0,0,1.0,8.0,8,0.5575,0.0,0,0,0
lineage/tengling_kuangen/selected,lineage,tengling_kuangen,selected,zhuji,lineage/tengling/2,thunder,False,100,100,0,0,1.0,7.8,9,0.9765,0.0,0,0,0
lineage/tengling_kuangen/control,lineage,tengling_kuangen,control,zhuji,lineage/tengling/2,thunder,False,100,100,0,0,1.0,10.46,11,0.9714,0.0,0,0,0
lineage/tengling_panmu/selected,lineage,tengling_panmu,selected,zhuji,lineage/tengling/2,thunder,False,100,100,0,0,1.0,11.06,13,0.9913,0.0,0,0,0
lineage/tengling_panmu/control,lineage,tengling_panmu,control,zhuji,lineage/tengling/2,thunder,False,100,100,0,0,1.0,10.46,11,0.9714,0.0,0,0,0
lineage/bizhu_yeyin/selected,lineage,bizhu_yeyin,selected,zhuji,lineage/bizhu/2,thunder,False,100,100,0,0,1.0,6.97,7,0.9075,0.0,0,0,0
lineage/bizhu_yeyin/control,lineage,bizhu_yeyin,control,zhuji,lineage/bizhu/2,thunder,False,100,100,0,0,1.0,6.62,7,0.9124,0.0,0,0,0
lineage/bizhu_biren/selected,lineage,bizhu_biren,selected,zhuji,lineage/bizhu/2,thunder,False,100,100,0,0,1.0,5.0,5,0.8719,0.0,0,0,0
lineage/bizhu_biren/control,lineage,bizhu_biren,control,zhuji,lineage/bizhu/2,thunder,False,100,100,0,0,1.0,6.62,7,0.9124,0.0,0,0,0
lineage/jinyu_pojin/selected,lineage,jinyu_pojin,selected,zhuji,lineage/jinyu/2,thunder,False,100,100,0,0,1.0,4.12,6,0.736,0.0,0,0,0
lineage/jinyu_pojin/control,lineage,jinyu_pojin,control,zhuji,lineage/jinyu/2,thunder,False,100,100,0,0,1.0,6.0,6,0.7066,0.0,0,0,0
lineage/jinyu_jingyu/selected,lineage,jinyu_jingyu,selected,zhuji,lineage/jinyu/2,thunder,False,100,100,0,0,1.0,6.0,6,0.8436,0.0,0,0,0
lineage/jinyu_jingyu/control,lineage,jinyu_jingyu,control,zhuji,lineage/jinyu/2,thunder,False,100,100,0,0,1.0,6.0,6,0.7066,0.0,0,0,0
lineage/daotang_duanyue/selected,lineage,daotang_duanyue,selected,zhuji,lineage/daotang/2,thunder,False,100,100,0,0,1.0,3.74,4,0.7698,0.0,0,0,0
lineage/daotang_duanyue/control,lineage,daotang_duanyue,control,zhuji,lineage/daotang/2,thunder,False,100,100,0,0,1.0,4.18,6,0.8197,0.0,0,0,0
lineage/daotang_lianjia/selected,lineage,daotang_lianjia,selected,zhuji,lineage/daotang/2,thunder,False,100,100,0,0,1.0,4.0,4,0.9113,0.0,0,0,0
lineage/daotang_lianjia/control,lineage,daotang_lianjia,control,zhuji,lineage/daotang/2,thunder,False,100,100,0,0,1.0,4.18,6,0.8197,0.0,0,0,0
lineage/tielin_zhenshan/selected,lineage,tielin_zhenshan,selected,zhuji,lineage/tielin/2,thunder,False,100,100,0,0,1.0,10.0,10,0.9994,0.0,0,0,0
lineage/tielin_zhenshan/control,lineage,tielin_zhenshan,control,zhuji,lineage/tielin/2,thunder,False,100,100,0,0,1.0,8.44,10,0.999,0.0,0,0,0
lineage/tielin_fanfeng/selected,lineage,tielin_fanfeng,selected,zhuji,lineage/tielin/2,thunder,False,100,100,0,0,1.0,6.0,6,0.9993,0.0,0,0,0
lineage/tielin_fanfeng/control,lineage,tielin_fanfeng,control,zhuji,lineage/tielin/2,thunder,False,100,100,0,0,1.0,8.44,10,0.999,0.0,0,0,0
lineage/shanshi_hanyue/selected,lineage,shanshi_hanyue,selected,zhuji,lineage/shanshi/2,thunder,False,100,100,0,0,1.0,5.0,5,0.9606,0.0,0,0,0
lineage/shanshi_hanyue/control,lineage,shanshi_hanyue,control,zhuji,lineage/shanshi/2,thunder,False,100,100,0,0,1.0,6.7,7,0.9611,0.0,0,0,0
lineage/shanshi_fengling/selected,lineage,shanshi_fengling,selected,zhuji,lineage/shanshi/2,thunder,False,100,100,0,0,1.0,6.96,7,0.9773,0.0,0,0,0
lineage/shanshi_fengling/control,lineage,shanshi_fengling,control,zhuji,lineage/shanshi/2,thunder,False,100,100,0,0,1.0,6.7,7,0.9611,0.0,0,0,0
lineage/shiou_yanxin/selected,lineage,shiou_yanxin,selected,zhuji,lineage/shiou/2,thunder,False,100,100,0,0,1.0,10.86,11,1.0,0.0,0,0,0
lineage/shiou_yanxin/control,lineage,shiou_yanxin,control,zhuji,lineage/shiou/2,thunder,False,100,100,0,0,1.0,9.01,10,1.0,0.0,0,0,0
lineage/shiou_xingyue/selected,lineage,shiou_xingyue,selected,zhuji,lineage/shiou/2,thunder,False,100,100,0,0,1.0,7.04,8,1.0,0.0,0,0,0
lineage/shiou_xingyue/control,lineage,shiou_xingyue,control,zhuji,lineage/shiou/2,thunder,False,100,100,0,0,1.0,9.01,10,1.0,0.0,0,0,0
lineage/fenghu_zhufeng/selected,lineage,fenghu_zhufeng,selected,zhuji,lineage/fenghu/2,thunder,False,100,100,0,0,1.0,6.0,6,0.7196,0.0,0,0,0
lineage/fenghu_zhufeng/control,lineage,fenghu_zhufeng,control,zhuji,lineage/fenghu/2,thunder,False,100,100,0,0,1.0,7.9,8,0.7361,0.0,0,0,0
lineage/fenghu_linying/selected,lineage,fenghu_linying,selected,zhuji,lineage/fenghu/2,thunder,False,100,100,0,0,1.0,6.28,8,0.8958,0.0,0,0,0
lineage/fenghu_linying/control,lineage,fenghu_linying,control,zhuji,lineage/fenghu/2,thunder,False,100,100,0,0,1.0,7.9,8,0.7361,0.0,0,0,0
lineage/leize_zhengu/selected,lineage,leize_zhengu,selected,zhuji,lineage/leize/2,thunder,False,100,100,0,0,1.0,4.0,4,0.9551,0.0,0,0,0
lineage/leize_zhengu/control,lineage,leize_zhengu,control,zhuji,lineage/leize/2,thunder,False,100,100,0,0,1.0,5.48,6,0.9544,0.0,0,0,0
lineage/leize_cangze/selected,lineage,leize_cangze,selected,zhuji,lineage/leize/2,thunder,False,100,100,0,0,1.0,5.88,6,0.9718,0.0,0,0,0
lineage/leize_cangze/control,lineage,leize_cangze,control,zhuji,lineage/leize/2,thunder,False,100,100,0,0,1.0,5.48,6,0.9544,0.0,0,0,0
lineage/leitingdiao_jilei/selected,lineage,leitingdiao_jilei,selected,zhuji,lineage/leitingdiao/2,thunder,False,100,100,0,0,1.0,4.0,4,0.7102,0.0,0,0,0
lineage/leitingdiao_jilei/control,lineage,leitingdiao_jilei,control,zhuji,lineage/leitingdiao/2,thunder,False,100,100,0,0,1.0,4.4,6,0.7456,0.0,0,0,0
lineage/leitingdiao_tingwei/selected,lineage,leitingdiao_tingwei,selected,zhuji,lineage/leitingdiao/2,thunder,False,100,100,0,0,1.0,4.0,4,0.8508,0.0,0,0,0
lineage/leitingdiao_tingwei/control,lineage,leitingdiao_tingwei,control,zhuji,lineage/leitingdiao/2,thunder,False,100,100,0,0,1.0,4.4,6,0.7456,0.0,0,0,0
lineage/duman_youlin/selected,lineage,duman_youlin,selected,zhuji,lineage/duman/2,thunder,False,100,100,0,0,1.0,7.53,8,0.982,0.0,0,0,0
lineage/duman_youlin/control,lineage,duman_youlin,control,zhuji,lineage/duman/2,thunder,False,100,100,0,0,1.0,6.23,8,0.9615,0.0,0,0,0
lineage/duman_qianying/selected,lineage,duman_qianying,selected,zhuji,lineage/duman/2,thunder,False,100,100,0,0,1.0,6.0,6,0.9469,0.0,0,0,0
lineage/duman_qianying/control,lineage,duman_qianying,control,zhuji,lineage/duman/2,thunder,False,100,100,0,0,1.0,6.23,8,0.9615,0.0,0,0,0
lineage/molian_shixin/selected,lineage,molian_shixin,selected,zhuji,lineage/molian/2,thunder,False,100,100,0,0,1.0,6.3,7,0.9568,0.0,0,0,0
lineage/molian_shixin/control,lineage,molian_shixin,control,zhuji,lineage/molian/2,thunder,False,100,100,0,0,1.0,7.76,9,0.9667,0.0,0,0,0
lineage/molian_shengye/selected,lineage,molian_shengye,selected,zhuji,lineage/molian/2,thunder,False,100,100,0,0,1.0,8.86,9,0.9705,0.0,0,0,0
lineage/molian_shengye/control,lineage,molian_shengye,control,zhuji,lineage/molian/2,thunder,False,100,100,0,0,1.0,7.76,9,0.9667,0.0,0,0,0
lineage/mingdie_huansha/selected,lineage,mingdie_huansha,selected,zhuji,lineage/mingdie/2,thunder,False,100,100,0,0,1.0,9.84,10,0.7143,0.0,0,0,0
lineage/mingdie_huansha/control,lineage,mingdie_huansha,control,zhuji,lineage/mingdie/2,thunder,False,100,100,0,0,1.0,9.02,10,0.6413,0.0,0,0,0
lineage/mingdie_mingchen/selected,lineage,mingdie_mingchen,selected,zhuji,lineage/mingdie/2,thunder,False,100,100,0,0,1.0,7.21,8,0.7581,0.0,0,0,0
lineage/mingdie_mingchen/control,lineage,mingdie_mingchen,control,zhuji,lineage/mingdie/2,thunder,False,100,100,0,0,1.0,9.02,10,0.6413,0.0,0,0,0
effect/ice_seal/selected,effect,ice_seal,selected,ningqi,effect/ice_seal/1,,False,100,100,0,0,1.0,3.0,3,0.803,0.0,300,100,0
effect/ice_seal/control,effect,ice_seal,control,ningqi,effect/ice_seal/1,,False,100,100,0,0,1.0,3.0,3,0.6776,0.0,0,0,0
effect/poison_sapping/selected,effect,poison_sapping,selected,qiling,effect/poison_sapping/0,,False,100,100,0,0,1.0,13.24,14,0.9567,0.0,1324,1267,0
effect/poison_sapping/control,effect,poison_sapping,control,qiling,effect/poison_sapping/0,,False,100,100,0,0,1.0,16.04,18,0.7045,0.0,0,0,0
effect/earthen_ward/selected,effect,earthen_ward,selected,qiling,effect/earthen_ward/0,,False,100,0,100,0,0.0,40.0,40,1.0,1.0,4000,4000,0
effect/earthen_ward/control,effect,earthen_ward,control,qiling,effect/earthen_ward/0,,False,100,0,0,100,0.0,12.75,14,0.0,0.1558,0,0,0
effect/pure_breath/selected,effect,pure_breath,selected,qiling,effect/pure_breath/0,,True,100,0,0,100,0.0,14.67,17,0.0,0.5653,1421,1347,0
effect/pure_breath/control,effect,pure_breath,control,qiling,effect/pure_breath/0,,True,100,0,0,100,0.0,7.61,9,0.0,0.5406,0,0,0
effect/spirit_dispel/selected,effect,spirit_dispel,selected,ningqi,effect/spirit_dispel/1,,False,100,0,0,100,0.0,11.63,13,0.0,0.1825,100,100,0
effect/spirit_dispel/control,effect,spirit_dispel,control,ningqi,effect/spirit_dispel/1,,False,100,0,0,100,0.0,11.65,13,0.0,0.3042,0,0,0
effect/battle_chant/selected,effect,battle_chant,selected,ningqi,effect/battle_chant/1,,False,100,0,0,100,0.0,6.92,8,0.0,0.7287,592,592,0
effect/battle_chant/control,effect,battle_chant,control,ningqi,effect/battle_chant/1,,False,100,2,0,98,0.02,7.08,13,0.0004,0.4919,0,0,0
effect/mountain_taunt/selected,effect,mountain_taunt,selected,ningqi,effect/mountain_taunt/1,,False,100,89,0,11,0.89,9.27,11,0.2038,0.0059,615,334,0
effect/mountain_taunt/control,effect,mountain_taunt,control,ningqi,effect/mountain_taunt/1,,False,100,33,0,67,0.33,9.98,14,0.0428,0.1583,0,0,0
skill/spirit_wave/selected,skill,spirit_wave,selected,ningqi,skill/spirit_wave/1,,False,100,0,0,100,0.0,7.06,8,0.0,0.6807,644,0,0
skill/spirit_wave/control,skill,spirit_wave,control,ningqi,skill/spirit_wave/1,,False,100,0,0,100,0.0,7.09,10,0.0,0.4985,0,0,0
